Entity,Code,Year,"Outbound mobility ratio, all regions, both sexes (%)"
Afghanistan,AFG,2003,9.49387
Afghanistan,AFG,2004,9.22219
Afghanistan,AFG,2009,5.71382
Afghanistan,AFG,2011,9.58278
Afghanistan,AFG,2014,7.4292
Afghanistan,AFG,2018,8.19736
Albania,ALB,1998,13.12183
Albania,ALB,1999,12.46688
Albania,ALB,2000,14.68055
Albania,ALB,2001,18.04922
Albania,ALB,2002,20.24323
Albania,ALB,2003,26.05419
Albania,ALB,2004,25.38205
Albania,ALB,2005,23.74259
Albania,ALB,2006,23.45066
Albania,ALB,2007,22.99357
Albania,ALB,2008,23.16125
Albania,ALB,2009,24.20108
Albania,ALB,2010,19.30109
Albania,ALB,2011,18.76465
Albania,ALB,2012,15.1527
Albania,ALB,2013,12.72746
Albania,ALB,2014,11.7542
Albania,ALB,2015,11.98905
Albania,ALB,2016,11.82585
Albania,ALB,2017,12.33762
Albania,ALB,2018,13.79123
Algeria,DZA,1999,3.79811
Algeria,DZA,2001,2.79298
Algeria,DZA,2002,2.73852
Algeria,DZA,2003,3.09855
Algeria,DZA,2004,3.43038
Algeria,DZA,2005,3.12198
Algeria,DZA,2006,3.06011
Algeria,DZA,2007,2.56086
Algeria,DZA,2009,1.96294
Algeria,DZA,2010,2.00021
Algeria,DZA,2011,2.02013
Algeria,DZA,2012,2.05234
Algeria,DZA,2013,1.68632
Algeria,DZA,2014,1.66354
Algeria,DZA,2015,1.58961
Algeria,DZA,2016,1.5238
Algeria,DZA,2017,1.66542
Algeria,DZA,2018,1.85657
Andorra,AND,2002,271.25467
Andorra,AND,2003,296.7729
Andorra,AND,2004,372.6586
Andorra,AND,2005,320.70905
Andorra,AND,2006,79.08978
Andorra,AND,2008,264.61874
Andorra,AND,2012,276.70935
Andorra,AND,2013,228.57713
Andorra,AND,2014,285.535
Andorra,AND,2015,269.601
Andorra,AND,2016,257.64932
Andorra,AND,2017,246.82637
Andorra,AND,2018,245.3122
Angola,AGO,1998,74.03143
Angola,AGO,1999,80.58636
Angola,AGO,2002,56.53251
Angola,AGO,2003,16.39528
Angola,AGO,2004,21.58477
Angola,AGO,2005,18.92005
Angola,AGO,2006,19.34279
Angola,AGO,2011,6.90525
Angola,AGO,2013,4.71998
Angola,AGO,2015,5.68417
Angola,AGO,2016,5.51581
Anguilla,AIA,2003,489.68253
Anguilla,AIA,2004,446.93878
Anguilla,AIA,2005,300.8658
Anguilla,AIA,2006,50.45593
Anguilla,AIA,2007,37.30159
Anguilla,AIA,2008,276.0582
Antigua and Barbuda,ATG,2009,65.26438
Antigua and Barbuda,ATG,2010,56.93834
Antigua and Barbuda,ATG,2011,59.44534
Antigua and Barbuda,ATG,2012,31.86118
Arab World (WB),,1997,4.33271
Arab World (WB),,1998,3.98871
Arab World (WB),,1999,3.6063
Arab World (WB),,2000,3.59165
Arab World (WB),,2001,3.52044
Arab World (WB),,2002,3.56689
Arab World (WB),,2003,3.64483
Arab World (WB),,2004,3.38015
Arab World (WB),,2005,3.20842
Arab World (WB),,2006,3.20292
Arab World (WB),,2007,3.11821
Arab World (WB),,2008,3.15289
Arab World (WB),,2009,3.20655
Arab World (WB),,2010,3.26517
Arab World (WB),,2011,3.55998
Arab World (WB),,2012,3.65534
Arab World (WB),,2013,3.71811
Arab World (WB),,2014,4.06262
Arab World (WB),,2015,4.19911
Arab World (WB),,2016,4.53012
Arab World (WB),,2017,4.47324
Arab World (WB),,2018,4.6614
Argentina,ARG,1998,0.37628
Argentina,ARG,1999,0.36786
Argentina,ARG,2000,0.39129
Argentina,ARG,2001,0.35817
Argentina,ARG,2002,0.39017
Argentina,ARG,2003,0.44758
Argentina,ARG,2004,0.38798
Argentina,ARG,2005,0.39411
Argentina,ARG,2006,0.3721
Argentina,ARG,2007,0.37275
Argentina,ARG,2008,0.40602
Argentina,ARG,2009,0.37981
Argentina,ARG,2010,0.38727
Argentina,ARG,2011,0.35311
Argentina,ARG,2012,0.30023
Argentina,ARG,2013,0.27299
Argentina,ARG,2014,0.26828
Argentina,ARG,2015,0.27284
Argentina,ARG,2016,0.26752
Argentina,ARG,2017,0.28718
Armenia,ARM,1998,2.4669
Armenia,ARM,1999,2.29141
Armenia,ARM,2000,2.35558
Armenia,ARM,2001,2.87292
Armenia,ARM,2002,2.46773
Armenia,ARM,2003,3.06604
Armenia,ARM,2004,2.69149
Armenia,ARM,2005,2.99156
Armenia,ARM,2006,3.01532
Armenia,ARM,2007,2.95487
Armenia,ARM,2008,3.83644
Armenia,ARM,2009,3.79623
Armenia,ARM,2010,4.36213
Armenia,ARM,2011,4.96776
Armenia,ARM,2012,5.87226
Armenia,ARM,2013,6.2037
Armenia,ARM,2014,6.6257
Armenia,ARM,2015,7.17723
Armenia,ARM,2016,7.23323
Armenia,ARM,2017,5.61929
Armenia,ARM,2018,5.07332
Aruba,ABW,1999,8.71369
Aruba,ABW,2000,10.77313
Aruba,ABW,2001,9.47297
Aruba,ABW,2002,20.28894
Aruba,ABW,2003,8.37321
Aruba,ABW,2004,14.49531
Aruba,ABW,2005,7.4169
Aruba,ABW,2006,8.90162
Aruba,ABW,2007,8.40502
Aruba,ABW,2008,5.84894
Aruba,ABW,2009,11.73996
Aruba,ABW,2010,20.10525
Aruba,ABW,2011,8.42512
Aruba,ABW,2012,7.67155
Aruba,ABW,2013,19.25625
Aruba,ABW,2014,17.46482
Aruba,ABW,2015,18.98903
Aruba,ABW,2016,19.97873
Australia,AUS,2015,0.63796
Australia,AUS,2016,0.66971
Australia,AUS,2017,0.76392
Australia,AUS,2018,0.79409
Austria,AUT,1998,5.28449
Austria,AUT,2007,4.28323
Austria,AUT,2008,4.07501
Austria,AUT,2009,4.04992
Austria,AUT,2010,3.74701
Austria,AUT,2011,3.74152
Austria,AUT,2012,3.74276
Austria,AUT,2013,3.73262
Austria,AUT,2014,3.9114
Austria,AUT,2015,4.06427
Austria,AUT,2016,4.19179
Austria,AUT,2017,4.46278
Austria,AUT,2018,5.00107
Azerbaijan,AZE,2006,2.67578
Azerbaijan,AZE,2007,2.8089
Azerbaijan,AZE,2008,4.16783
Azerbaijan,AZE,2009,5.71073
Azerbaijan,AZE,2010,8.01936
Azerbaijan,AZE,2011,10.60558
Azerbaijan,AZE,2012,9.12701
Azerbaijan,AZE,2013,11.89331
Azerbaijan,AZE,2014,16.6996
Azerbaijan,AZE,2015,19.59942
Azerbaijan,AZE,2016,21.26393
Azerbaijan,AZE,2017,20.75272
Azerbaijan,AZE,2018,21.81694
Bahrain,BHR,1999,17.26104
Bahrain,BHR,2003,13.2292
Bahrain,BHR,2005,17.71403
Bahrain,BHR,2006,18.6591
Bahrain,BHR,2011,9.90178
Bahrain,BHR,2012,10.21855
Bahrain,BHR,2013,12.48373
Bahrain,BHR,2014,13.23271
Bahrain,BHR,2015,14.0597
Bahrain,BHR,2016,14.28842
Bahrain,BHR,2017,13.74124
Bahrain,BHR,2018,12.65213
Bangladesh,BGD,1999,1.13504
Bangladesh,BGD,2000,1.20662
Bangladesh,BGD,2001,1.16962
Bangladesh,BGD,2002,1.44658
Bangladesh,BGD,2003,1.83527
Bangladesh,BGD,2004,1.84504
Bangladesh,BGD,2005,1.65555
Bangladesh,BGD,2006,1.44626
Bangladesh,BGD,2007,1.44014
Bangladesh,BGD,2008,1.33989
Bangladesh,BGD,2009,1.26673
Bangladesh,BGD,2011,1.15219
Bangladesh,BGD,2012,1.13086
Bangladesh,BGD,2014,2.56548
Bangladesh,BGD,2016,2.30395
Bangladesh,BGD,2017,2.09595
Bangladesh,BGD,2018,1.58715
Barbados,BRB,1999,18.22126
Barbados,BRB,2000,17.70498
Barbados,BRB,2001,17.29741
Barbados,BRB,2007,13.35861
Barbados,BRB,2009,9.73112
Barbados,BRB,2010,9.71555
Barbados,BRB,2011,9.94465
Belarus,BLR,1998,1.89124
Belarus,BLR,1999,1.79503
Belarus,BLR,2000,1.76528
Belarus,BLR,2001,1.57153
Belarus,BLR,2002,1.83284
Belarus,BLR,2003,1.50834
Belarus,BLR,2004,1.97651
Belarus,BLR,2005,1.9844
Belarus,BLR,2006,2.14529
Belarus,BLR,2007,2.53641
Belarus,BLR,2008,5.34822
Belarus,BLR,2009,5.04697
Belarus,BLR,2010,6.04427
Belarus,BLR,2011,6.8766
Belarus,BLR,2012,7.04821
Belarus,BLR,2013,6.78701
Belarus,BLR,2014,6.78191
Belarus,BLR,2015,6.05751
Belarus,BLR,2016,5.80333
Belarus,BLR,2017,5.35389
Belarus,BLR,2018,5.79379
Belgium,BEL,1999,2.78435
Belgium,BEL,2000,2.87582
Belgium,BEL,2001,2.97398
Belgium,BEL,2002,2.99489
Belgium,BEL,2003,3.18776
Belgium,BEL,2004,2.63756
Belgium,BEL,2005,2.58962
Belgium,BEL,2006,2.58562
Belgium,BEL,2007,2.6206
Belgium,BEL,2008,2.50899
Belgium,BEL,2009,2.49994
Belgium,BEL,2010,2.56788
Belgium,BEL,2011,2.69193
Belgium,BEL,2012,2.80164
Belgium,BEL,2013,2.59121
Belgium,BEL,2014,2.60136
Belgium,BEL,2015,2.67837
Belgium,BEL,2016,2.78529
Belgium,BEL,2017,2.8539
Belgium,BEL,2018,3.07808
Belize,BLZ,2001,18.11046
Belize,BLZ,2002,15.57427
Belize,BLZ,2003,17.46909
Belize,BLZ,2004,19.30672
Belize,BLZ,2005,17.38418
Belize,BLZ,2006,15.86706
Belize,BLZ,2007,14.02795
Belize,BLZ,2008,15.05257
Belize,BLZ,2009,12.71002
Belize,BLZ,2010,12.3427
Belize,BLZ,2011,11.64385
Belize,BLZ,2012,9.47981
Belize,BLZ,2013,9.55841
Belize,BLZ,2014,9.42151
Belize,BLZ,2015,9.72693
Belize,BLZ,2016,9.03484
Belize,BLZ,2017,9.26392
Belize,BLZ,2018,9.27241
Benin,BEN,1999,19.51922
Benin,BEN,2000,17.3272
Benin,BEN,2001,14.34656
Benin,BEN,2002,12.60537
Benin,BEN,2003,12.65383
Benin,BEN,2004,12.39234
Benin,BEN,2005,12.57444
Benin,BEN,2006,11.37734
Benin,BEN,2007,9.01822
Benin,BEN,2008,8.93654
Benin,BEN,2009,5.99591
Benin,BEN,2010,4.43744
Benin,BEN,2011,4.56701
Benin,BEN,2012,4.01408
Benin,BEN,2013,3.5655
Benin,BEN,2014,3.86826
Benin,BEN,2015,4.77792
Benin,BEN,2016,5.27627
Benin,BEN,2017,5.8149
Benin,BEN,2018,5.6641
Bermuda,BMU,2006,89.69371
Bermuda,BMU,2007,117.48381
Bermuda,BMU,2008,110.89744
Bermuda,BMU,2009,84.40703
Bermuda,BMU,2010,93.90596
Bermuda,BMU,2011,93.02737
Bermuda,BMU,2012,112.15441
Bermuda,BMU,2013,133.28271
Bermuda,BMU,2014,147.05174
Bermuda,BMU,2015,175.4626
Bermuda,BMU,2017,242.98401
Bermuda,BMU,2018,224.76105
Bhutan,BTN,1999,65.24679
Bhutan,BTN,2005,30.74585
Bhutan,BTN,2006,30.98953
Bhutan,BTN,2007,32.72792
Bhutan,BTN,2008,31.21758
Bhutan,BTN,2009,39.08107
Bhutan,BTN,2010,40.19943
Bhutan,BTN,2011,34.64668
Bhutan,BTN,2012,47.00901
Bhutan,BTN,2013,43.04443
Bhutan,BTN,2018,38.30091
Bosnia and Herzegovina,BIH,2000,21.91124
Bosnia and Herzegovina,BIH,2001,21.37605
Bosnia and Herzegovina,BIH,2002,18.08448
Bosnia and Herzegovina,BIH,2003,19.6178
Bosnia and Herzegovina,BIH,2004,17.46132
Bosnia and Herzegovina,BIH,2005,16.85229
Bosnia and Herzegovina,BIH,2006,15.7621
Bosnia and Herzegovina,BIH,2007,14.66073
Bosnia and Herzegovina,BIH,2008,14.14178
Bosnia and Herzegovina,BIH,2009,11.60535
Bosnia and Herzegovina,BIH,2010,11.42145
Bosnia and Herzegovina,BIH,2011,10.65101
Bosnia and Herzegovina,BIH,2012,10.30945
Bosnia and Herzegovina,BIH,2013,9.56056
Bosnia and Herzegovina,BIH,2014,9.36509
Bosnia and Herzegovina,BIH,2015,10.21196
Bosnia and Herzegovina,BIH,2016,11.4131
Bosnia and Herzegovina,BIH,2017,15.099
Bosnia and Herzegovina,BIH,2018,16.18572
Botswana,BWA,1998,23.45077
Botswana,BWA,1999,24.73768
Botswana,BWA,2000,27.51948
Botswana,BWA,2001,50.28648
Botswana,BWA,2002,57.58264
Botswana,BWA,2003,51.88293
Botswana,BWA,2004,52.22378
Botswana,BWA,2005,47.88625
Botswana,BWA,2006,37.33056
Botswana,BWA,2007,32.65538
Botswana,BWA,2008,24.07926
Botswana,BWA,2009,18.80771
Botswana,BWA,2010,19.13291
Botswana,BWA,2011,17.84141
Botswana,BWA,2012,9.4995
Botswana,BWA,2013,6.93757
Botswana,BWA,2014,6.26345
Botswana,BWA,2015,5.36611
Botswana,BWA,2016,6.04365
Botswana,BWA,2017,5.2622
Brazil,BRA,1998,0.78435
Brazil,BRA,1999,0.71452
Brazil,BRA,2000,0.6662
Brazil,BRA,2001,0.61447
Brazil,BRA,2002,0.60644
Brazil,BRA,2003,0.56967
Brazil,BRA,2004,0.52276
Brazil,BRA,2005,0.50467
Brazil,BRA,2007,0.49648
Brazil,BRA,2008,0.47401
Brazil,BRA,2009,0.52161
Brazil,BRA,2010,0.51504
Brazil,BRA,2011,0.52032
Brazil,BRA,2012,0.51904
Brazil,BRA,2013,0.52459
Brazil,BRA,2014,0.56081
Brazil,BRA,2015,0.61322
Brazil,BRA,2016,0.63123
Brazil,BRA,2017,0.68688
Brazil,BRA,2018,0.76851
British Virgin Islands,VGB,1999,15.65421
British Virgin Islands,VGB,2000,15.93333
British Virgin Islands,VGB,2001,20.10862
British Virgin Islands,VGB,2002,43.60158
British Virgin Islands,VGB,2004,19.54225
British Virgin Islands,VGB,2009,30.25392
British Virgin Islands,VGB,2015,42.0493
British Virgin Islands,VGB,2016,42.59732
British Virgin Islands,VGB,2018,102.78944
Brunei,BRN,1998,72.54028
Brunei,BRN,1999,60.72874
Brunei,BRN,2000,55.25853
Brunei,BRN,2001,45.71874
Brunei,BRN,2002,45.88332
Brunei,BRN,2003,42.98697
Brunei,BRN,2004,40.00915
Brunei,BRN,2005,49.51847
Brunei,BRN,2006,42.58687
Brunei,BRN,2007,48.5889
Brunei,BRN,2008,52.24719
Brunei,BRN,2009,51.59872
Brunei,BRN,2010,57.8734
Brunei,BRN,2011,51.92132
Brunei,BRN,2012,42.72276
Brunei,BRN,2013,40.05019
Brunei,BRN,2014,30.82835
Brunei,BRN,2015,31.80733
Brunei,BRN,2016,32.00693
Brunei,BRN,2017,28.58461
Brunei,BRN,2018,24.63993
Bulgaria,BGR,1998,5.2993
Bulgaria,BGR,1999,5.16149
Bulgaria,BGR,2000,5.58663
Bulgaria,BGR,2001,6.31244
Bulgaria,BGR,2002,7.5551
Bulgaria,BGR,2003,8.01965
Bulgaria,BGR,2004,8.21042
Bulgaria,BGR,2005,7.96719
Bulgaria,BGR,2006,8.038
Bulgaria,BGR,2007,7.46016
Bulgaria,BGR,2008,7.43269
Bulgaria,BGR,2009,7.65458
Bulgaria,BGR,2010,7.77888
Bulgaria,BGR,2011,8.2456
Bulgaria,BGR,2012,8.76437
Bulgaria,BGR,2013,8.76181
Bulgaria,BGR,2014,8.65394
Bulgaria,BGR,2015,8.72312
Bulgaria,BGR,2016,9.04688
Bulgaria,BGR,2017,10.03866
Bulgaria,BGR,2018,10.61736
Burkina Faso,BFA,1999,21.20875
Burkina Faso,BFA,2001,17.82089
Burkina Faso,BFA,2002,15.6342
Burkina Faso,BFA,2003,14.89223
Burkina Faso,BFA,2005,10.95999
Burkina Faso,BFA,2006,11.45602
Burkina Faso,BFA,2007,10.71676
Burkina Faso,BFA,2008,8.89815
Burkina Faso,BFA,2009,7.4758
Burkina Faso,BFA,2010,7.76758
Burkina Faso,BFA,2011,6.6498
Burkina Faso,BFA,2012,5.97733
Burkina Faso,BFA,2013,5.86948
Burkina Faso,BFA,2014,6.0703
Burkina Faso,BFA,2015,6.39033
Burkina Faso,BFA,2016,5.96701
Burkina Faso,BFA,2017,5.72838
Burkina Faso,BFA,2018,5.47553
Burundi,BDI,1998,24.09966
Burundi,BDI,1999,21.16339
Burundi,BDI,2000,17.49022
Burundi,BDI,2001,18.2046
Burundi,BDI,2002,11.13143
Burundi,BDI,2004,7.19282
Burundi,BDI,2005,6.66918
Burundi,BDI,2006,7.18438
Burundi,BDI,2007,7.43927
Burundi,BDI,2008,7.55544
Burundi,BDI,2009,7.19108
Burundi,BDI,2010,6.14749
Burundi,BDI,2012,7.36539
Burundi,BDI,2013,6.2383
Burundi,BDI,2014,5.44512
Burundi,BDI,2015,4.81412
Burundi,BDI,2016,7.3205
Burundi,BDI,2017,7.61002
Burundi,BDI,2018,8.48176
Cambodia,KHM,2000,7.48889
Cambodia,KHM,2001,6.905
Cambodia,KHM,2002,6.05153
Cambodia,KHM,2003,5.49504
Cambodia,KHM,2004,5.42256
Cambodia,KHM,2005,4.37398
Cambodia,KHM,2006,2.75267
Cambodia,KHM,2007,2.45725
Cambodia,KHM,2008,2.2566
Cambodia,KHM,2009,2.28859
Cambodia,KHM,2010,2.13828
Cambodia,KHM,2011,1.91133
Cambodia,KHM,2015,2.43749
Cambodia,KHM,2017,2.85432
Cambodia,KHM,2018,2.9131
Cameroon,CMR,1999,19.41048
Cameroon,CMR,2000,20.24194
Cameroon,CMR,2001,19.67216
Cameroon,CMR,2002,18.05953
Cameroon,CMR,2003,19.37812
Cameroon,CMR,2004,18.66156
Cameroon,CMR,2005,16.70746
Cameroon,CMR,2006,14.66043
Cameroon,CMR,2007,14.03738
Cameroon,CMR,2008,13.59071
Cameroon,CMR,2009,11.88588
Cameroon,CMR,2010,9.91294
Cameroon,CMR,2011,9.8336
Cameroon,CMR,2012,8.62374
Cameroon,CMR,2013,6.53943
Cameroon,CMR,2014,6.82818
Cameroon,CMR,2015,6.64616
Cameroon,CMR,2016,9.23467
Cameroon,CMR,2017,9.03979
Cameroon,CMR,2018,7.91098
Canada,CAN,1998,2.50803
Canada,CAN,1999,2.50399
Canada,CAN,2000,2.56553
Canada,CAN,2002,3.01424
Canada,CAN,2007,3.18168
Canada,CAN,2008,3.1738
Canada,CAN,2009,3.25185
Canada,CAN,2010,3.24551
Canada,CAN,2011,3.12682
Canada,CAN,2012,3.05665
Canada,CAN,2013,3.00496
Canada,CAN,2014,3.01295
Canada,CAN,2015,3.1915
Canada,CAN,2016,3.17455
Canada,CAN,2017,3.04968
Canada,CAN,2018,2.97929
Cape Verde,CPV,1999,298.86685
Cape Verde,CPV,2000,264.92776
Cape Verde,CPV,2001,351.13168
Cape Verde,CPV,2002,167.03532
Cape Verde,CPV,2003,164.34416
Cape Verde,CPV,2004,133.30392
Cape Verde,CPV,2005,115.89576
Cape Verde,CPV,2006,108.96522
Cape Verde,CPV,2007,103.47017
Cape Verde,CPV,2008,52.48523
Cape Verde,CPV,2009,39.94561
Cape Verde,CPV,2010,32.50978
Cape Verde,CPV,2011,26.81666
Cape Verde,CPV,2012,27.19562
Cape Verde,CPV,2013,33.08323
Cape Verde,CPV,2014,23.82405
Cape Verde,CPV,2015,24.75149
Cape Verde,CPV,2016,27.26643
Cape Verde,CPV,2017,27.67592
Cape Verde,CPV,2018,32.09408
Cayman Islands,CYM,1999,5.6962
Cayman Islands,CYM,2000,4.20561
Cayman Islands,CYM,2001,4.13386
Cayman Islands,CYM,2002,17.46348
Cayman Islands,CYM,2003,26.84524
Cayman Islands,CYM,2006,63.49206
Cayman Islands,CYM,2007,62.14058
Cayman Islands,CYM,2008,39.14474
Central African Republic,CAF,1999,13.80639
Central African Republic,CAF,2000,22.0079
Central African Republic,CAF,2004,19.83846
Central African Republic,CAF,2006,27.63558
Central African Republic,CAF,2008,13.30089
Central African Republic,CAF,2009,10.90815
Central African Republic,CAF,2010,12.75819
Central African Republic,CAF,2011,9.80513
Central African Republic,CAF,2012,10.50266
Central Europe and the Baltics (WB),,1997,2.6826
Central Europe and the Baltics (WB),,1998,2.56644
Central Europe and the Baltics (WB),,1999,2.28413
Central Europe and the Baltics (WB),,2000,2.38236
Central Europe and the Baltics (WB),,2001,2.32054
Central Europe and the Baltics (WB),,2002,2.36854
Central Europe and the Baltics (WB),,2003,2.48723
Central Europe and the Baltics (WB),,2004,2.33187
Central Europe and the Baltics (WB),,2005,2.35767
Central Europe and the Baltics (WB),,2006,2.50406
Central Europe and the Baltics (WB),,2007,2.54903
Central Europe and the Baltics (WB),,2008,2.62728
Central Europe and the Baltics (WB),,2009,2.77846
Central Europe and the Baltics (WB),,2010,2.99691
Central Europe and the Baltics (WB),,2011,3.3361
Central Europe and the Baltics (WB),,2012,3.64917
Central Europe and the Baltics (WB),,2013,3.85857
Central Europe and the Baltics (WB),,2014,4.08405
Central Europe and the Baltics (WB),,2015,4.30926
Central Europe and the Baltics (WB),,2016,4.55902
Central Europe and the Baltics (WB),,2017,4.87713
Central Europe and the Baltics (WB),,2018,5.06185
Chad,TCD,1998,60.88768
Chad,TCD,2000,49.8729
Chad,TCD,2001,48.4602
Chad,TCD,2003,43.53864
Chad,TCD,2004,31.88694
Chad,TCD,2005,26.67505
Chad,TCD,2008,20.46033
Chad,TCD,2009,19.22688
Chad,TCD,2010,18.20762
Chad,TCD,2011,20.22089
Chad,TCD,2014,13.53158
Chad,TCD,2015,13.70868
Chile,CHL,1998,1.17795
Chile,CHL,1999,1.08714
Chile,CHL,2000,1.16238
Chile,CHL,2002,1.27142
Chile,CHL,2003,1.36547
Chile,CHL,2004,1.17377
Chile,CHL,2005,1.37867
Chile,CHL,2006,1.20532
Chile,CHL,2007,1.07963
Chile,CHL,2008,1.17745
Chile,CHL,2009,1.23765
Chile,CHL,2010,1.21295
Chile,CHL,2011,1.23777
Chile,CHL,2012,1.11288
Chile,CHL,2013,1.10473
Chile,CHL,2014,1.1038
Chile,CHL,2015,1.11442
Chile,CHL,2016,1.1316
Chile,CHL,2017,1.28984
Chile,CHL,2018,1.33309
China,CHN,1998,2.21242
China,CHN,1999,2.16196
China,CHN,2000,2.0994
China,CHN,2001,1.87768
China,CHN,2002,1.89729
China,CHN,2003,2.05876
China,CHN,2004,1.9937
China,CHN,2005,1.92453
China,CHN,2006,1.72588
China,CHN,2007,1.68354
China,CHN,2008,1.71627
China,CHN,2009,1.76256
China,CHN,2010,1.82945
China,CHN,2011,2.08626
China,CHN,2012,2.14363
China,CHN,2013,2.11032
China,CHN,2014,1.83852
China,CHN,2015,1.89049
China,CHN,2016,1.97857
China,CHN,2017,2.10382
China,CHN,2018,2.21067
Colombia,COL,1998,1.2267
Colombia,COL,1999,1.25919
Colombia,COL,2000,1.38339
Colombia,COL,2001,1.4714
Colombia,COL,2002,1.85832
Colombia,COL,2004,1.76731
Colombia,COL,2005,1.65855
Colombia,COL,2006,1.56492
Colombia,COL,2007,1.58876
Colombia,COL,2008,1.61628
Colombia,COL,2009,1.67819
Colombia,COL,2010,1.73188
Colombia,COL,2011,1.66893
Colombia,COL,2012,1.56889
Colombia,COL,2013,1.52474
Colombia,COL,2014,1.51995
Colombia,COL,2015,1.53073
Colombia,COL,2016,1.52339
Colombia,COL,2017,1.81698
Colombia,COL,2018,1.93645
Comoros,COM,1999,373.80585
Comoros,COM,2000,335.67926
Comoros,COM,2003,147.22566
Comoros,COM,2007,121.37228
Comoros,COM,2009,81.41776
Comoros,COM,2010,97.66354
Comoros,COM,2011,72.65012
Comoros,COM,2012,72.22571
Comoros,COM,2013,68.70948
Comoros,COM,2014,79.81036
Congo,COG,1999,55.46532
Congo,COG,2000,37.57278
Congo,COG,2001,44.00461
Congo,COG,2002,54.50974
Congo,COG,2003,58.62869
Congo,COG,2009,38.3088
Congo,COG,2011,31.0924
Congo,COG,2012,25.84888
Congo,COG,2013,24.32415
Congo,COG,2017,18.07037
Cook Islands,COK,2012,42.22649
Costa Rica,CRI,2004,1.5766
Costa Rica,CRI,2011,1.14172
Costa Rica,CRI,2012,1.1358
Costa Rica,CRI,2013,1.15424
Costa Rica,CRI,2014,1.12924
Costa Rica,CRI,2015,1.2344
Costa Rica,CRI,2016,1.31433
Costa Rica,CRI,2017,1.39263
Costa Rica,CRI,2018,1.53472
Cote d'Ivoire,CIV,1999,6.56799
Cote d'Ivoire,CIV,2007,5.54668
Cote d'Ivoire,CIV,2008,5.86708
Cote d'Ivoire,CIV,2009,5.88582
Cote d'Ivoire,CIV,2010,6.53093
Cote d'Ivoire,CIV,2011,14.60957
Cote d'Ivoire,CIV,2013,5.51137
Cote d'Ivoire,CIV,2014,5.97135
Cote d'Ivoire,CIV,2015,5.95357
Cote d'Ivoire,CIV,2016,6.45033
Cote d'Ivoire,CIV,2017,6.32648
Croatia,HRV,1998,7.97925
Croatia,HRV,1999,7.50764
Croatia,HRV,2000,7.94401
Croatia,HRV,2001,7.54764
Croatia,HRV,2002,7.16591
Croatia,HRV,2003,6.98858
Croatia,HRV,2004,6.75533
Croatia,HRV,2005,6.43972
Croatia,HRV,2006,6.38637
Croatia,HRV,2007,6.30497
Croatia,HRV,2008,6.23134
Croatia,HRV,2009,6.62261
Croatia,HRV,2010,6.24645
Croatia,HRV,2011,6.11729
Croatia,HRV,2012,5.41412
Croatia,HRV,2013,5.18201
Croatia,HRV,2014,5.31746
Croatia,HRV,2015,5.45644
Croatia,HRV,2016,5.69243
Croatia,HRV,2017,5.86598
Croatia,HRV,2018,5.9176
Cuba,CUB,1998,1.3079
Cuba,CUB,1999,0.88947
Cuba,CUB,2000,1.07579
Cuba,CUB,2001,0.93253
Cuba,CUB,2002,0.74812
Cuba,CUB,2003,0.75872
Cuba,CUB,2004,0.31542
Cuba,CUB,2005,0.28594
Cuba,CUB,2006,0.21326
Cuba,CUB,2007,0.17524
Cuba,CUB,2008,0.17194
Cuba,CUB,2009,0.19325
Cuba,CUB,2010,0.27847
Cuba,CUB,2011,0.34478
Cuba,CUB,2012,0.42799
Cuba,CUB,2013,0.5642
Cuba,CUB,2014,0.70156
Cuba,CUB,2015,0.85317
Cuba,CUB,2016,0.90581
Cuba,CUB,2017,0.86913
Cuba,CUB,2018,0.77675
Curacao,CUW,2013,1.60875
Cyprus,CYP,1999,126.1022
Cyprus,CYP,2000,160.75874
Cyprus,CYP,2001,139.9924
Cyprus,CYP,2002,101.83277
Cyprus,CYP,2003,93.75821
Cyprus,CYP,2004,91.6279
Cyprus,CYP,2005,106.79849
Cyprus,CYP,2006,93.72419
Cyprus,CYP,2007,104.05813
Cyprus,CYP,2008,95.25719
Cyprus,CYP,2009,83.28331
Cyprus,CYP,2010,84.13117
Cyprus,CYP,2011,84.21814
Cyprus,CYP,2012,84.7224
Cyprus,CYP,2013,82.31708
Cyprus,CYP,2014,77.32227
Cyprus,CYP,2015,68.70542
Cyprus,CYP,2016,63.03934
Cyprus,CYP,2017,54.03338
Cyprus,CYP,2018,56.16854
Czechia,CZE,1998,1.97265
Czechia,CZE,1999,1.85924
Czechia,CZE,2000,1.79037
Czechia,CZE,2001,1.90087
Czechia,CZE,2002,1.90562
Czechia,CZE,2003,2.06786
Czechia,CZE,2004,1.76014
Czechia,CZE,2005,1.7318
Czechia,CZE,2006,1.86918
Czechia,CZE,2007,1.84705
Czechia,CZE,2008,2.31466
Czechia,CZE,2009,2.48435
Czechia,CZE,2010,2.58374
Czechia,CZE,2011,2.67802
Czechia,CZE,2012,2.73429
Czechia,CZE,2013,2.94584
Czechia,CZE,2014,2.95562
Czechia,CZE,2015,3.16697
Czechia,CZE,2016,3.37077
Czechia,CZE,2017,3.74185
Czechia,CZE,2018,3.74852
Democratic Republic of Congo,COD,1999,7.77581
Democratic Republic of Congo,COD,2006,1.55397
Democratic Republic of Congo,COD,2007,1.56845
Democratic Republic of Congo,COD,2008,1.38864
Democratic Republic of Congo,COD,2009,1.20154
Democratic Republic of Congo,COD,2011,1.26701
Democratic Republic of Congo,COD,2012,1.28784
Democratic Republic of Congo,COD,2013,1.83856
Democratic Republic of Congo,COD,2016,2.15129
Denmark,DNK,1998,3.2405
Denmark,DNK,1999,3.2635
Denmark,DNK,2000,3.38624
Denmark,DNK,2001,3.18167
Denmark,DNK,2002,3.26706
Denmark,DNK,2003,3.24843
Denmark,DNK,2004,2.40143
Denmark,DNK,2005,2.27481
Denmark,DNK,2006,2.23438
Denmark,DNK,2007,2.19527
Denmark,DNK,2008,2.18686
Denmark,DNK,2009,2.24902
Denmark,DNK,2010,2.25656
Denmark,DNK,2011,2.37028
Denmark,DNK,2012,2.13063
Denmark,DNK,2013,1.81832
Denmark,DNK,2014,1.81504
Denmark,DNK,2015,1.60885
Denmark,DNK,2016,1.61323
Denmark,DNK,2017,1.70269
Denmark,DNK,2018,1.90907
Djibouti,DJI,1999,684.5714
Djibouti,DJI,2000,661.7983
Djibouti,DJI,2001,282.32996
Djibouti,DJI,2002,220.24954
Djibouti,DJI,2003,193.78638
Djibouti,DJI,2004,166.73949
Djibouti,DJI,2005,127.13426
Djibouti,DJI,2006,129.81854
Djibouti,DJI,2007,71.40881
Djibouti,DJI,2008,62.25006
Djibouti,DJI,2009,56.46956
Djibouti,DJI,2010,56.39544
Djibouti,DJI,2011,39.35364
Dominican Republic,DOM,2003,0.73027
Dominican Republic,DOM,2012,0.81693
Dominican Republic,DOM,2014,0.9486
Dominican Republic,DOM,2015,0.87499
Dominican Republic,DOM,2016,0.7866
Dominican Republic,DOM,2017,0.8068
EU (27),,1997,2.88008
EU (27),,1998,2.83209
EU (27),,1999,2.77917
EU (27),,2000,2.76304
EU (27),,2001,2.75008
EU (27),,2002,2.68438
EU (27),,2003,2.71038
EU (27),,2004,2.36303
EU (27),,2005,2.40009
EU (27),,2006,2.45415
EU (27),,2007,2.54856
EU (27),,2008,2.49723
EU (27),,2009,2.66356
EU (27),,2010,2.81568
EU (27),,2011,2.99196
EU (27),,2012,3.14725
EU (27),,2013,3.27668
EU (27),,2014,3.36584
EU (27),,2015,3.47116
EU (27),,2016,3.58244
EU (27),,2017,3.69886
EU (27),,2018,3.77252
East Asia and the Pacific (WB),,1997,2.34972
East Asia and the Pacific (WB),,1998,2.06331
East Asia and the Pacific (WB),,1999,1.97201
East Asia and the Pacific (WB),,2000,1.8561
East Asia and the Pacific (WB),,2001,1.79014
East Asia and the Pacific (WB),,2002,1.90343
East Asia and the Pacific (WB),,2003,1.98689
East Asia and the Pacific (WB),,2004,1.92042
East Asia and the Pacific (WB),,2005,1.88222
East Asia and the Pacific (WB),,2006,1.77838
East Asia and the Pacific (WB),,2007,1.77068
East Asia and the Pacific (WB),,2008,1.80032
East Asia and the Pacific (WB),,2009,1.84155
East Asia and the Pacific (WB),,2010,1.85715
East Asia and the Pacific (WB),,2011,1.96612
East Asia and the Pacific (WB),,2012,1.95114
East Asia and the Pacific (WB),,2013,1.92063
East Asia and the Pacific (WB),,2014,1.76703
East Asia and the Pacific (WB),,2015,1.81588
East Asia and the Pacific (WB),,2016,1.89734
East Asia and the Pacific (WB),,2017,1.98996
East Asia and the Pacific (WB),,2018,2.08125
East Timor,TLS,2002,6.48659
East Timor,TLS,2009,20.22957
East Timor,TLS,2010,19.99892
Ecuador,ECU,2008,1.91077
Ecuador,ECU,2012,2.26253
Ecuador,ECU,2013,2.2984
Ecuador,ECU,2015,2.58523
Egypt,EGY,1999,0.42511
Egypt,EGY,2001,0.45891
Egypt,EGY,2002,0.43004
Egypt,EGY,2003,0.45943
Egypt,EGY,2004,0.4248
Egypt,EGY,2005,0.41682
Egypt,EGY,2006,0.42443
Egypt,EGY,2007,0.44523
Egypt,EGY,2008,0.49308
Egypt,EGY,2009,0.4975
Egypt,EGY,2010,0.53965
Egypt,EGY,2011,0.67765
Egypt,EGY,2012,0.72612
Egypt,EGY,2013,0.81582
Egypt,EGY,2014,0.93967
Egypt,EGY,2015,0.93171
Egypt,EGY,2016,1.12873
Egypt,EGY,2017,1.19265
El Salvador,SLV,1998,1.08819
El Salvador,SLV,1999,1.06928
El Salvador,SLV,2000,1.44583
El Salvador,SLV,2001,1.59036
El Salvador,SLV,2002,1.81065
El Salvador,SLV,2003,2.03554
El Salvador,SLV,2004,1.90005
El Salvador,SLV,2005,1.93318
El Salvador,SLV,2006,1.99274
El Salvador,SLV,2007,2.17571
El Salvador,SLV,2008,2.10717
El Salvador,SLV,2009,2.24884
El Salvador,SLV,2010,2.25349
El Salvador,SLV,2011,1.5778
El Salvador,SLV,2012,1.88783
El Salvador,SLV,2013,1.86239
El Salvador,SLV,2014,1.92549
El Salvador,SLV,2015,2.25938
El Salvador,SLV,2016,2.4119
El Salvador,SLV,2017,2.44429
El Salvador,SLV,2018,2.3897
Equatorial Guinea,GNQ,2000,107.57727
Eritrea,ERI,1998,17.79716
Eritrea,ERI,1999,14.34652
Eritrea,ERI,2000,16.37848
Eritrea,ERI,2001,14.25468
Eritrea,ERI,2002,16.9169
Eritrea,ERI,2004,16.39399
Eritrea,ERI,2009,8.75013
Eritrea,ERI,2010,8.76517
Eritrea,ERI,2014,13.73799
Eritrea,ERI,2015,15.37218
Eritrea,ERI,2016,19.63178
Estonia,EST,1998,7.21304
Estonia,EST,1999,6.97971
Estonia,EST,2000,6.64438
Estonia,EST,2001,6.96099
Estonia,EST,2002,5.75328
Estonia,EST,2003,6.23497
Estonia,EST,2004,4.96276
Estonia,EST,2005,4.8843
Estonia,EST,2006,4.76335
Estonia,EST,2007,4.56542
Estonia,EST,2008,5.0177
Estonia,EST,2009,5.43395
Estonia,EST,2010,5.73453
Estonia,EST,2011,6.18066
Estonia,EST,2012,6.61639
Estonia,EST,2013,6.44848
Estonia,EST,2014,6.98428
Estonia,EST,2015,7.84721
Estonia,EST,2016,7.87149
Estonia,EST,2017,8.14088
Estonia,EST,2018,8.00919
Eswatini,SWZ,1999,22.9918
Eswatini,SWZ,2000,29.07873
Eswatini,SWZ,2002,40.34758
Eswatini,SWZ,2004,40.18552
Eswatini,SWZ,2005,49.72302
Eswatini,SWZ,2006,55.96158
Eswatini,SWZ,2011,49.54095
Eswatini,SWZ,2013,34.93459
Ethiopia,ETH,1998,6.70633
Ethiopia,ETH,1999,5.96692
Ethiopia,ETH,2000,4.83117
Ethiopia,ETH,2001,3.48508
Ethiopia,ETH,2002,3.08033
Ethiopia,ETH,2003,2.1638
Ethiopia,ETH,2004,1.86669
Ethiopia,ETH,2005,1.76455
Ethiopia,ETH,2008,1.61146
Ethiopia,ETH,2009,1.27242
Ethiopia,ETH,2010,0.93532
Ethiopia,ETH,2011,1.08203
Ethiopia,ETH,2012,0.83365
Ethiopia,ETH,2014,0.81155
Europe and Central Asia (WB),,1997,2.49129
Europe and Central Asia (WB),,1998,2.43467
Europe and Central Asia (WB),,1999,2.38432
Europe and Central Asia (WB),,2000,2.32506
Europe and Central Asia (WB),,2001,2.24344
Europe and Central Asia (WB),,2002,2.20001
Europe and Central Asia (WB),,2003,2.15787
Europe and Central Asia (WB),,2004,1.9738
Europe and Central Asia (WB),,2005,2.00032
Europe and Central Asia (WB),,2006,2.02986
Europe and Central Asia (WB),,2007,2.1052
Europe and Central Asia (WB),,2008,2.23057
Europe and Central Asia (WB),,2009,2.30628
Europe and Central Asia (WB),,2010,2.4549
Europe and Central Asia (WB),,2011,2.63273
Europe and Central Asia (WB),,2012,2.73541
Europe and Central Asia (WB),,2013,2.87317
Europe and Central Asia (WB),,2014,3.07834
Europe and Central Asia (WB),,2015,3.26429
Europe and Central Asia (WB),,2016,3.4062
Europe and Central Asia (WB),,2017,3.44412
Europe and Central Asia (WB),,2018,3.45439
Fiji,FJI,2003,14.3216
Fiji,FJI,2004,12.82007
Fiji,FJI,2005,13.45774
Finland,FIN,1998,3.65931
Finland,FIN,1999,3.65172
Finland,FIN,2000,3.65695
Finland,FIN,2001,3.48796
Finland,FIN,2002,3.52849
Finland,FIN,2003,3.52247
Finland,FIN,2004,1.92336
Finland,FIN,2005,1.8568
Finland,FIN,2006,1.9444
Finland,FIN,2007,1.9539
Finland,FIN,2008,2.14552
Finland,FIN,2009,2.41749
Finland,FIN,2010,2.45063
Finland,FIN,2011,2.50318
Finland,FIN,2012,2.6378
Finland,FIN,2013,2.68432
Finland,FIN,2014,2.8877
Finland,FIN,2015,3.08756
Finland,FIN,2016,3.42606
Finland,FIN,2017,3.70789
Finland,FIN,2018,3.85657
France,FRA,1998,2.27476
France,FRA,1999,2.3699
France,FRA,2000,2.47055
France,FRA,2001,2.55594
France,FRA,2002,2.71267
France,FRA,2003,2.67602
France,FRA,2004,2.11914
France,FRA,2005,2.2185
France,FRA,2006,2.41903
France,FRA,2007,2.5069
France,FRA,2008,2.17122
France,FRA,2009,2.45234
France,FRA,2010,2.55803
France,FRA,2011,2.6765
France,FRA,2012,2.79691
France,FRA,2013,3.27843
France,FRA,2014,3.43564
France,FRA,2015,3.57584
France,FRA,2016,3.6627
France,FRA,2017,3.53012
France,FRA,2018,3.79908
Gabon,GAB,1999,45.05553
Gabon,GAB,2001,40.96288
Gabon,GAB,2003,46.79346
Gambia,GMB,1999,74.93584
Gambia,GMB,2004,76.17647
Gambia,GMB,2010,32.98841
Gambia,GMB,2011,25.37367
Gambia,GMB,2012,26.17048
Georgia,GEO,1999,3.80597
Georgia,GEO,2000,3.73688
Georgia,GEO,2001,3.57646
Georgia,GEO,2002,3.41252
Georgia,GEO,2003,3.45466
Georgia,GEO,2004,3.63316
Georgia,GEO,2005,3.41888
Georgia,GEO,2006,4.32727
Georgia,GEO,2007,5.09142
Georgia,GEO,2008,5.90939
Georgia,GEO,2009,8.68111
Georgia,GEO,2010,7.81595
Georgia,GEO,2011,7.53133
Georgia,GEO,2012,9.96787
Georgia,GEO,2013,6.3704
Georgia,GEO,2014,7.74646
Georgia,GEO,2015,6.9503
Georgia,GEO,2016,6.613
Georgia,GEO,2017,7.85096
Georgia,GEO,2018,7.54061
Germany,DEU,2013,4.33485
Germany,DEU,2014,4.06902
Germany,DEU,2015,3.93238
Germany,DEU,2016,3.88055
Germany,DEU,2017,3.97713
Germany,DEU,2018,3.91754
Ghana,GHA,2005,7.79477
Ghana,GHA,2006,8.34708
Ghana,GHA,2007,6.41995
Ghana,GHA,2008,4.75741
Ghana,GHA,2009,4.47634
Ghana,GHA,2011,3.54669
Ghana,GHA,2012,3.44725
Ghana,GHA,2013,2.99412
Ghana,GHA,2014,2.91016
Ghana,GHA,2015,3.11405
Ghana,GHA,2016,3.2221
Ghana,GHA,2017,3.27603
Ghana,GHA,2018,3.59744
Greece,GRC,1998,14.99751
Greece,GRC,1999,15.72762
Greece,GRC,2000,13.69091
Greece,GRC,2001,11.72726
Greece,GRC,2002,9.36008
Greece,GRC,2003,8.03281
Greece,GRC,2004,7.05924
Greece,GRC,2005,5.80118
Greece,GRC,2006,5.2133
Greece,GRC,2007,5.25221
Greece,GRC,2010,4.49725
Greece,GRC,2011,4.44191
Greece,GRC,2012,5.12754
Greece,GRC,2013,5.14751
Greece,GRC,2014,5.31593
Greece,GRC,2016,5.03334
Greece,GRC,2017,5.16497
Greece,GRC,2018,5.09804
Grenada,GRD,2009,9.258
Grenada,GRD,2015,5.26337
Grenada,GRD,2016,5.70254
Grenada,GRD,2017,5.78964
Grenada,GRD,2018,5.29298
Guatemala,GTM,2002,2.06474
Guatemala,GTM,2007,1.19817
Guatemala,GTM,2009,1.33272
Guatemala,GTM,2010,1.28564
Guatemala,GTM,2011,1.00073
Guatemala,GTM,2012,1.10578
Guatemala,GTM,2013,0.96361
Guatemala,GTM,2014,1.04215
Guatemala,GTM,2015,0.90992
Guinea,GIN,1998,36.56915
Guinea,GIN,2004,22.54402
Guinea,GIN,2005,17.7198
Guinea,GIN,2006,11.76451
Guinea,GIN,2007,7.90044
Guinea,GIN,2008,7.15901
Guinea,GIN,2009,6.71532
Guinea,GIN,2010,6.81407
Guinea,GIN,2011,6.96494
Guinea,GIN,2012,7.01033
Guinea,GIN,2013,6.22946
Guinea,GIN,2014,6.44612
Guinea-Bissau,GNB,2005,43.66859
Guinea-Bissau,GNB,2006,40.86925
Guyana,GUY,2003,21.71041
Guyana,GUY,2004,15.776
Guyana,GUY,2005,15.3723
Guyana,GUY,2006,15.03177
Guyana,GUY,2007,19.11693
Guyana,GUY,2008,19.64276
Guyana,GUY,2009,22.43109
Guyana,GUY,2010,10.57565
Guyana,GUY,2011,19.90572
Guyana,GUY,2012,17.40982
High-income countries,,1997,2.01927
High-income countries,,1998,1.94274
High-income countries,,1999,1.93919
High-income countries,,2000,1.94695
High-income countries,,2001,1.96106
High-income countries,,2002,1.92348
High-income countries,,2003,1.92421
High-income countries,,2004,1.77644
High-income countries,,2005,1.81657
High-income countries,,2006,1.81632
High-income countries,,2007,1.86984
High-income countries,,2008,1.85223
High-income countries,,2009,1.91687
High-income countries,,2010,1.93736
High-income countries,,2011,1.98451
High-income countries,,2012,2.04233
High-income countries,,2013,2.13292
High-income countries,,2014,2.19856
High-income countries,,2015,2.26378
High-income countries,,2016,2.34531
High-income countries,,2017,2.40976
High-income countries,,2018,2.43148
Honduras,HND,1998,1.51862
Honduras,HND,1999,1.39412
Honduras,HND,2000,2.01059
Honduras,HND,2003,1.67364
Honduras,HND,2004,1.73165
Honduras,HND,2008,1.78954
Honduras,HND,2010,1.79417
Honduras,HND,2012,1.844
Honduras,HND,2013,1.95598
Honduras,HND,2014,2.03049
Honduras,HND,2015,2.18909
Honduras,HND,2016,2.18189
Honduras,HND,2017,1.9632
Honduras,HND,2018,1.8796
Hong Kong,HKG,2003,23.83446
Hong Kong,HKG,2004,22.85126
Hong Kong,HKG,2005,22.25413
Hong Kong,HKG,2006,20.22006
Hong Kong,HKG,2007,17.05461
Hong Kong,HKG,2008,13.30739
Hong Kong,HKG,2009,13.02892
Hong Kong,HKG,2010,12.37646
Hong Kong,HKG,2011,11.56628
Hong Kong,HKG,2012,11.3959
Hong Kong,HKG,2013,10.67741
Hong Kong,HKG,2014,11.11314
Hong Kong,HKG,2015,12.14573
Hong Kong,HKG,2016,12.3819
Hong Kong,HKG,2017,12.1403
Hong Kong,HKG,2018,12.21344
Hungary,HUN,1998,2.31298
Hungary,HUN,1999,2.03939
Hungary,HUN,2000,1.93027
Hungary,HUN,2001,1.85073
Hungary,HUN,2002,1.8426
Hungary,HUN,2003,1.70583
Hungary,HUN,2004,1.43092
Hungary,HUN,2005,1.44737
Hungary,HUN,2006,1.46487
Hungary,HUN,2007,1.54716
Hungary,HUN,2008,1.63747
Hungary,HUN,2009,1.82235
Hungary,HUN,2010,2.01327
Hungary,HUN,2011,2.11746
Hungary,HUN,2012,2.06295
Hungary,HUN,2013,2.46279
Hungary,HUN,2014,2.90367
Hungary,HUN,2015,3.45844
Hungary,HUN,2016,3.93942
Hungary,HUN,2017,4.31925
Hungary,HUN,2018,4.54047
Iceland,ISL,1998,27.96296
Iceland,ISL,1999,27.16852
Iceland,ISL,2000,24.32281
Iceland,ISL,2001,23.52751
Iceland,ISL,2002,25.15415
Iceland,ISL,2003,22.05846
Iceland,ISL,2004,14.7106
Iceland,ISL,2005,15.11612
Iceland,ISL,2006,15.41569
Iceland,ISL,2007,15.71171
Iceland,ISL,2008,14.49302
Iceland,ISL,2009,15.61445
Iceland,ISL,2010,15.56028
Iceland,ISL,2011,14.31436
Iceland,ISL,2012,14.40514
Iceland,ISL,2013,14.87912
Iceland,ISL,2014,13.74482
Iceland,ISL,2015,13.90807
Iceland,ISL,2016,14.31507
Iceland,ISL,2017,14.69649
Iceland,ISL,2018,18.51177
India,IND,2000,0.71021
India,IND,2001,0.79914
India,IND,2002,0.98167
India,IND,2003,1.07333
India,IND,2004,1.14187
India,IND,2005,1.25179
India,IND,2006,1.14908
India,IND,2007,1.10207
India,IND,2008,1.08135
India,IND,2009,1.11231
India,IND,2010,1.01644
India,IND,2011,0.77551
India,IND,2012,0.67219
India,IND,2013,0.67661
India,IND,2014,0.71258
India,IND,2015,0.80046
India,IND,2016,0.94272
India,IND,2017,1.02307
India,IND,2018,1.09226
Indonesia,IDN,1998,1.02083
Indonesia,IDN,1999,0.96674
Indonesia,IDN,2000,1.09529
Indonesia,IDN,2001,1.17761
Indonesia,IDN,2002,1.22651
Indonesia,IDN,2003,1.12801
Indonesia,IDN,2004,0.93063
Indonesia,IDN,2005,0.8664
Indonesia,IDN,2006,0.8434
Indonesia,IDN,2007,0.88199
Indonesia,IDN,2008,0.79105
Indonesia,IDN,2009,0.75079
Indonesia,IDN,2010,0.741
Indonesia,IDN,2011,0.68511
Indonesia,IDN,2012,0.57764
Indonesia,IDN,2013,0.61414
Indonesia,IDN,2014,0.61193
Indonesia,IDN,2015,0.63671
Indonesia,IDN,2016,0.62706
Indonesia,IDN,2017,0.59914
Indonesia,IDN,2018,0.62087
Iran,IRN,1999,1.37461
Iran,IRN,2000,1.2419
Iran,IRN,2001,1.09256
Iran,IRN,2002,1.15185
Iran,IRN,2003,1.12522
Iran,IRN,2004,1.06908
Iran,IRN,2005,1.09881
Iran,IRN,2006,1.0456
Iran,IRN,2007,1.04447
Iran,IRN,2008,0.97798
Iran,IRN,2009,1.18628
Iran,IRN,2010,1.17529
Iran,IRN,2011,1.22424
Iran,IRN,2012,1.1705
Iran,IRN,2013,1.13311
Iran,IRN,2014,1.08472
Iran,IRN,2016,1.21358
Iran,IRN,2017,1.30638
Iran,IRN,2018,1.55903
Iraq,IRQ,1999,1.80658
Iraq,IRQ,2000,1.71398
Iraq,IRQ,2002,1.56736
Iraq,IRQ,2004,1.01215
Iraq,IRQ,2005,1.25721
Ireland,IRL,1998,13.59351
Ireland,IRL,1999,12.7004
Ireland,IRL,2000,10.95001
Ireland,IRL,2001,9.24971
Ireland,IRL,2002,8.62798
Ireland,IRL,2003,8.71873
Ireland,IRL,2004,9.24416
Ireland,IRL,2005,10.24749
Ireland,IRL,2006,10.62186
Ireland,IRL,2007,10.12759
Ireland,IRL,2008,10.11665
Ireland,IRL,2009,10.11394
Ireland,IRL,2010,10.34748
Ireland,IRL,2011,10.48919
Ireland,IRL,2012,9.62629
Ireland,IRL,2013,8.21411
Ireland,IRL,2014,7.55496
Ireland,IRL,2015,7.02348
Ireland,IRL,2016,6.73821
Ireland,IRL,2017,6.6949
Ireland,IRL,2018,6.47663
Israel,ISR,1998,4.51513
Israel,ISR,1999,4.40805
Israel,ISR,2000,5.71695
Israel,ISR,2001,6.17251
Israel,ISR,2002,4.35635
Israel,ISR,2003,4.22458
Israel,ISR,2004,3.70217
Israel,ISR,2005,3.91456
Israel,ISR,2006,3.99988
Israel,ISR,2007,3.8769
Israel,ISR,2008,4.18252
Israel,ISR,2009,3.96765
Israel,ISR,2010,3.81443
Israel,ISR,2011,3.86717
Israel,ISR,2012,3.94329
Israel,ISR,2013,3.72176
Israel,ISR,2014,3.73536
Israel,ISR,2015,3.60485
Israel,ISR,2016,3.74707
Israel,ISR,2017,3.94193
Israel,ISR,2018,4.33399
Italy,ITA,1998,1.96126
Italy,ITA,1999,2.08731
Italy,ITA,2000,2.21241
Italy,ITA,2001,2.19118
Italy,ITA,2002,2.1272
Italy,ITA,2003,2.12011
Italy,ITA,2004,1.61237
Italy,ITA,2005,1.58085
Italy,ITA,2006,1.54611
Italy,ITA,2007,1.62199
Italy,ITA,2008,1.63575
Italy,ITA,2009,1.82384
Italy,ITA,2010,2.04552
Italy,ITA,2011,2.24837
Italy,ITA,2012,2.48576
Italy,ITA,2013,2.68551
Italy,ITA,2014,2.95846
Italy,ITA,2015,3.33548
Italy,ITA,2016,3.70006
Italy,ITA,2017,4.06963
Italy,ITA,2018,4.00602
Jamaica,JAM,1999,19.43223
Jamaica,JAM,2000,13.98041
Jamaica,JAM,2001,11.93959
Jamaica,JAM,2002,12.27034
Jamaica,JAM,2003,13.0462
Jamaica,JAM,2004,13.73326
Jamaica,JAM,2005,14.157
Jamaica,JAM,2006,13.27405
Jamaica,JAM,2008,9.94297
Jamaica,JAM,2009,9.55425
Jamaica,JAM,2010,8.01396
Jamaica,JAM,2011,6.87348
Jamaica,JAM,2012,5.44418
Jamaica,JAM,2013,5.40965
Jamaica,JAM,2015,5.86984
Japan,JPN,1998,1.43277
Japan,JPN,1999,1.47413
Japan,JPN,2000,1.47992
Japan,JPN,2001,1.42538
Japan,JPN,2002,1.59568
Japan,JPN,2003,1.61176
Japan,JPN,2004,1.50382
Japan,JPN,2005,1.57226
Japan,JPN,2006,1.44063
Japan,JPN,2007,1.36393
Japan,JPN,2008,1.2868
Japan,JPN,2009,1.16997
Japan,JPN,2010,1.04933
Japan,JPN,2011,0.92462
Japan,JPN,2012,0.86237
Japan,JPN,2013,0.86537
Japan,JPN,2014,0.87721
Japan,JPN,2015,0.79465
Japan,JPN,2016,0.82272
Japan,JPN,2017,0.82433
Japan,JPN,2018,0.82611
Jordan,JOR,2000,8.16109
Jordan,JOR,2002,7.53982
Jordan,JOR,2003,6.54614
Jordan,JOR,2004,5.64125
Jordan,JOR,2005,5.63522
Jordan,JOR,2006,5.85054
Jordan,JOR,2007,5.75685
Jordan,JOR,2008,5.4157
Jordan,JOR,2009,5.53948
Jordan,JOR,2010,6.13175
Jordan,JOR,2011,6.30892
Jordan,JOR,2012,5.55467
Jordan,JOR,2015,7.16199
Jordan,JOR,2016,7.79189
Jordan,JOR,2017,8.75052
Jordan,JOR,2018,8.25304
Kazakhstan,KAZ,1999,6.33587
Kazakhstan,KAZ,2000,4.89076
Kazakhstan,KAZ,2006,3.09682
Kazakhstan,KAZ,2010,5.21709
Kazakhstan,KAZ,2011,5.32891
Kazakhstan,KAZ,2012,5.15574
Kazakhstan,KAZ,2013,6.93229
Kazakhstan,KAZ,2014,9.21057
Kazakhstan,KAZ,2015,11.88608
Kazakhstan,KAZ,2016,14.46805
Kazakhstan,KAZ,2017,13.54224
Kazakhstan,KAZ,2018,13.21153
Kenya,KEN,2000,11.93212
Kenya,KEN,2001,12.11298
Kenya,KEN,2002,13.63351
Kenya,KEN,2004,13.15479
Kenya,KEN,2005,12.34723
Kenya,KEN,2009,8.23247
Kenya,KEN,2015,3.22894
Kenya,KEN,2016,2.57581
Kenya,KEN,2017,2.65571
Kuwait,KWT,1999,15.33947
Kuwait,KWT,2001,15.79018
Kuwait,KWT,2002,16.91476
Kuwait,KWT,2003,14.85781
Kuwait,KWT,2004,18.03127
Kuwait,KWT,2014,18.58284
Kuwait,KWT,2015,18.69457
Kuwait,KWT,2016,19.3182
Kuwait,KWT,2017,19.71759
Kuwait,KWT,2018,21.22656
Kyrgyzstan,KGZ,1998,4.07727
Kyrgyzstan,KGZ,1999,4.00771
Kyrgyzstan,KGZ,2000,1.93563
Kyrgyzstan,KGZ,2001,1.74976
Kyrgyzstan,KGZ,2002,1.71645
Kyrgyzstan,KGZ,2003,1.43814
Kyrgyzstan,KGZ,2004,1.57438
Kyrgyzstan,KGZ,2005,1.39821
Kyrgyzstan,KGZ,2006,1.55935
Kyrgyzstan,KGZ,2007,1.70424
Kyrgyzstan,KGZ,2008,1.59289
Kyrgyzstan,KGZ,2009,1.68082
Kyrgyzstan,KGZ,2010,1.92782
Kyrgyzstan,KGZ,2011,2.19364
Kyrgyzstan,KGZ,2012,2.19303
Kyrgyzstan,KGZ,2013,2.07731
Kyrgyzstan,KGZ,2014,3.12338
Kyrgyzstan,KGZ,2015,3.56329
Kyrgyzstan,KGZ,2016,4.59551
Kyrgyzstan,KGZ,2017,4.93102
Kyrgyzstan,KGZ,2018,5.08758
Laos,LAO,1998,14.73817
Laos,LAO,1999,13.24942
Laos,LAO,2000,8.87342
Laos,LAO,2001,6.57142
Laos,LAO,2002,5.31577
Laos,LAO,2003,5.57596
Laos,LAO,2004,5.91825
Laos,LAO,2005,5.02251
Laos,LAO,2006,5.32874
Laos,LAO,2007,4.66778
Laos,LAO,2008,4.35204
Laos,LAO,2009,3.7873
Laos,LAO,2010,3.28707
Laos,LAO,2011,3.32025
Laos,LAO,2012,3.4582
Laos,LAO,2013,3.51778
Laos,LAO,2014,2.54927
Laos,LAO,2015,2.69804
Laos,LAO,2016,5.12257
Laos,LAO,2017,4.54853
Laos,LAO,2018,6.21975
Latin America and Caribbean (WB),,1997,1.16543
Latin America and Caribbean (WB),,1998,1.13347
Latin America and Caribbean (WB),,1999,1.06935
Latin America and Caribbean (WB),,2000,1.10668
Latin America and Caribbean (WB),,2001,1.10139
Latin America and Caribbean (WB),,2002,1.19471
Latin America and Caribbean (WB),,2003,1.23883
Latin America and Caribbean (WB),,2004,1.14935
Latin America and Caribbean (WB),,2005,1.13838
Latin America and Caribbean (WB),,2006,1.09162
Latin America and Caribbean (WB),,2007,1.13193
Latin America and Caribbean (WB),,2008,1.11299
Latin America and Caribbean (WB),,2009,1.14086
Latin America and Caribbean (WB),,2010,1.15165
Latin America and Caribbean (WB),,2011,1.1071
Latin America and Caribbean (WB),,2012,1.08012
Latin America and Caribbean (WB),,2013,1.0736
Latin America and Caribbean (WB),,2014,1.09042
Latin America and Caribbean (WB),,2015,1.12991
Latin America and Caribbean (WB),,2016,1.1292
Latin America and Caribbean (WB),,2017,1.21752
Latin America and Caribbean (WB),,2018,1.25883
Latvia,LVA,1998,3.74183
Latvia,LVA,1999,3.2398
Latvia,LVA,2000,3.02305
Latvia,LVA,2001,2.99967
Latvia,LVA,2002,2.73874
Latvia,LVA,2003,2.90316
Latvia,LVA,2004,2.48556
Latvia,LVA,2005,2.47907
Latvia,LVA,2006,2.6346
Latvia,LVA,2007,2.96131
Latvia,LVA,2008,3.17222
Latvia,LVA,2009,3.42562
Latvia,LVA,2010,4.49854
Latvia,LVA,2011,5.82862
Latvia,LVA,2012,6.58459
Latvia,LVA,2013,6.73573
Latvia,LVA,2014,6.71599
Latvia,LVA,2015,6.75523
Latvia,LVA,2016,6.65548
Latvia,LVA,2017,6.40679
Latvia,LVA,2018,6.26298
Lebanon,LBN,1999,7.67815
Lebanon,LBN,2000,7.77277
Lebanon,LBN,2001,7.49002
Lebanon,LBN,2002,8.21843
Lebanon,LBN,2003,8.95231
Lebanon,LBN,2004,8.54287
Lebanon,LBN,2005,7.81401
Lebanon,LBN,2006,7.89653
Lebanon,LBN,2007,7.25413
Lebanon,LBN,2008,7.2037
Lebanon,LBN,2009,6.90914
Lebanon,LBN,2010,6.42624
Lebanon,LBN,2011,5.99723
Lebanon,LBN,2012,5.95134
Lebanon,LBN,2013,5.49025
Lebanon,LBN,2014,6.08956
Lebanon,LBN,2015,6.84361
Lebanon,LBN,2016,7.32066
Lebanon,LBN,2017,8.11367
Lebanon,LBN,2018,7.86835
Lesotho,LSO,1999,30.52397
Lesotho,LSO,2000,39.35123
Lesotho,LSO,2001,40.60209
Lesotho,LSO,2002,73.58641
Lesotho,LSO,2003,76.54715
Lesotho,LSO,2005,52.21647
Lesotho,LSO,2006,46.47647
Lesotho,LSO,2012,11.34046
Lesotho,LSO,2013,11.98768
Lesotho,LSO,2014,12.37701
Lesotho,LSO,2015,12.75758
Lesotho,LSO,2017,13.44095
Lesotho,LSO,2018,14.086
Liberia,LBR,1999,3.25899
Liberia,LBR,2000,1.4483
Liberia,LBR,2010,2.30373
Liberia,LBR,2012,1.61471
Libya,LBY,1999,0.54429
Libya,LBY,2000,0.58479
Libya,LBY,2001,0.68078
Libya,LBY,2002,0.71821
Libya,LBY,2003,0.70164
Liechtenstein,LIE,2003,146.59091
Liechtenstein,LIE,2004,128.00752
Liechtenstein,LIE,2005,131.87856
Liechtenstein,LIE,2006,135.22012
Liechtenstein,LIE,2007,131.87221
Liechtenstein,LIE,2008,108.5
Liechtenstein,LIE,2009,119.52444
Liechtenstein,LIE,2010,123.37085
Liechtenstein,LIE,2011,99.80155
Liechtenstein,LIE,2012,98.42262
Liechtenstein,LIE,2014,116.72117
Liechtenstein,LIE,2015,133.92995
Liechtenstein,LIE,2016,132.86798
Liechtenstein,LIE,2017,129.81078
Liechtenstein,LIE,2018,127.68088
Lithuania,LTU,1998,3.75943
Lithuania,LTU,1999,3.31319
Lithuania,LTU,2000,3.29111
Lithuania,LTU,2001,3.54854
Lithuania,LTU,2002,3.54556
Lithuania,LTU,2003,3.57121
Lithuania,LTU,2004,3.07833
Lithuania,LTU,2005,3.03185
Lithuania,LTU,2006,3.0005
Lithuania,LTU,2007,3.10525
Lithuania,LTU,2008,3.25815
Lithuania,LTU,2009,3.53996
Lithuania,LTU,2010,4.22857
Lithuania,LTU,2011,5.44321
Lithuania,LTU,2012,6.84049
Lithuania,LTU,2013,7.53222
Lithuania,LTU,2014,7.98624
Lithuania,LTU,2015,8.03671
Lithuania,LTU,2016,7.99992
Lithuania,LTU,2017,8.287
Lithuania,LTU,2018,8.78828
Low-income countries,,1997,6.24149
Low-income countries,,1998,6.01254
Low-income countries,,1999,5.55801
Low-income countries,,2000,5.24196
Low-income countries,,2001,4.95371
Low-income countries,,2002,4.94915
Low-income countries,,2003,4.77765
Low-income countries,,2004,4.35031
Low-income countries,,2005,4.15173
Low-income countries,,2006,3.92347
Low-income countries,,2007,3.75712
Low-income countries,,2008,3.6262
Low-income countries,,2009,3.38001
Low-income countries,,2010,3.16584
Low-income countries,,2011,3.39048
Low-income countries,,2012,3.21615
Low-income countries,,2013,3.50093
Low-income countries,,2014,3.77707
Low-income countries,,2015,4.10463
Low-income countries,,2016,4.56765
Low-income countries,,2017,4.6871
Low-income countries,,2018,4.92731
Lower-middle-income countries,,1997,2.16722
Lower-middle-income countries,,1998,1.94935
Lower-middle-income countries,,1999,1.7968
Lower-middle-income countries,,2000,1.78411
Lower-middle-income countries,,2001,1.767
Lower-middle-income countries,,2002,1.93919
Lower-middle-income countries,,2003,2.05969
Lower-middle-income countries,,2004,2.02647
Lower-middle-income countries,,2005,2.07374
Lower-middle-income countries,,2006,2.03918
Lower-middle-income countries,,2007,2.01743
Lower-middle-income countries,,2008,2.03002
Lower-middle-income countries,,2009,2.0489
Lower-middle-income countries,,2010,1.97313
Lower-middle-income countries,,2011,1.75831
Lower-middle-income countries,,2012,1.60655
Lower-middle-income countries,,2013,1.64585
Lower-middle-income countries,,2014,1.74694
Lower-middle-income countries,,2015,1.88095
Lower-middle-income countries,,2016,2.09561
Lower-middle-income countries,,2017,2.16401
Lower-middle-income countries,,2018,2.23718
Luxembourg,LUX,1998,318.2714
Luxembourg,LUX,1999,287.63504
Luxembourg,LUX,2000,293.92697
Luxembourg,LUX,2001,290.8844
Luxembourg,LUX,2002,252.39742
Luxembourg,LUX,2003,251.1334
Luxembourg,LUX,2006,291.4283
Luxembourg,LUX,2008,229.8904
Luxembourg,LUX,2010,135.62505
Luxembourg,LUX,2012,126.47611
Luxembourg,LUX,2015,145.86916
Luxembourg,LUX,2016,152.27228
Luxembourg,LUX,2017,156.12338
Luxembourg,LUX,2018,164.4511
Macao,MAC,1999,10.5122
Macao,MAC,2000,10.33329
Macao,MAC,2001,5.96413
Macao,MAC,2002,4.49385
Macao,MAC,2003,3.68567
Macao,MAC,2004,3.45114
Macao,MAC,2005,4.19172
Macao,MAC,2006,4.39655
Macao,MAC,2007,5.10013
Macao,MAC,2008,5.3867
Macao,MAC,2009,5.40149
Macao,MAC,2010,5.96757
Macao,MAC,2011,6.0536
Macao,MAC,2012,7.00139
Macao,MAC,2013,7.83086
Macao,MAC,2014,6.98825
Macao,MAC,2015,8.67601
Macao,MAC,2016,8.26647
Macao,MAC,2017,10.80757
Macao,MAC,2018,8.44392
Madagascar,MDG,1998,8.55723
Madagascar,MDG,1999,8.53896
Madagascar,MDG,2000,8.92623
Madagascar,MDG,2001,9.47102
Madagascar,MDG,2002,10.62205
Madagascar,MDG,2003,11.66701
Madagascar,MDG,2004,9.55394
Madagascar,MDG,2005,9.35702
Madagascar,MDG,2006,8.68411
Madagascar,MDG,2007,7.2572
Madagascar,MDG,2008,6.77851
Madagascar,MDG,2009,6.26542
Madagascar,MDG,2010,5.85845
Madagascar,MDG,2011,5.62143
Madagascar,MDG,2012,5.41931
Madagascar,MDG,2013,4.42151
Madagascar,MDG,2014,3.85475
Madagascar,MDG,2015,3.79945
Madagascar,MDG,2016,3.7378
Madagascar,MDG,2017,3.47645
Madagascar,MDG,2018,3.21604
Malawi,MWI,1999,76.40768
Malawi,MWI,2000,63.44169
Malawi,MWI,2001,58.59675
Malawi,MWI,2002,56.99274
Malawi,MWI,2003,54.93865
Malawi,MWI,2004,48.9699
Malawi,MWI,2005,50.24579
Malawi,MWI,2006,46.69135
Malawi,MWI,2007,48.76683
Malawi,MWI,2010,32.22909
Malawi,MWI,2011,29.48947
Malaysia,MYS,1998,13.43711
Malaysia,MYS,1999,11.57372
Malaysia,MYS,2000,8.34208
Malaysia,MYS,2001,8.02832
Malaysia,MYS,2002,7.42368
Malaysia,MYS,2003,6.79971
Malaysia,MYS,2004,6.63962
Malaysia,MYS,2005,6.81705
Malaysia,MYS,2006,6.65713
Malaysia,MYS,2007,6.52985
Malaysia,MYS,2008,6.09151
Malaysia,MYS,2009,5.97359
Malaysia,MYS,2010,5.601
Malaysia,MYS,2011,5.76095
Malaysia,MYS,2012,5.52073
Malaysia,MYS,2013,5.35723
Malaysia,MYS,2014,5.54105
Malaysia,MYS,2015,4.97083
Malaysia,MYS,2016,4.86974
Malaysia,MYS,2017,5.06644
Malaysia,MYS,2018,4.81793
Maldives,MDV,2003,1683.5616
Maldives,MDV,2007,33.83246
Maldives,MDV,2008,41.84458
Maldives,MDV,2014,39.28122
Maldives,MDV,2017,20.1548
Mali,MLI,1998,19.8599
Mali,MLI,1999,14.82692
Mali,MLI,2000,14.55062
Mali,MLI,2001,15.32569
Mali,MLI,2002,15.99459
Mali,MLI,2008,7.68224
Mali,MLI,2009,6.91416
Mali,MLI,2010,7.25563
Mali,MLI,2011,8.419
Mali,MLI,2012,6.53237
Mali,MLI,2013,7.67043
Mali,MLI,2014,8.89885
Mali,MLI,2015,10.10927
Malta,MLT,1998,7.37476
Malta,MLT,1999,8.38756
Malta,MLT,2000,9.5962
Malta,MLT,2001,8.17718
Malta,MLT,2002,8.83042
Malta,MLT,2003,6.72926
Malta,MLT,2004,8.79624
Malta,MLT,2005,8.26184
Malta,MLT,2006,10.61982
Malta,MLT,2007,10.27928
Malta,MLT,2008,10.63485
Malta,MLT,2009,10.89323
Malta,MLT,2010,11.14391
Malta,MLT,2011,10.71247
Malta,MLT,2012,11.15573
Malta,MLT,2013,15.12824
Malta,MLT,2014,9.7687
Malta,MLT,2015,8.88885
Malta,MLT,2016,7.68367
Malta,MLT,2017,7.39616
Malta,MLT,2018,7.49532
Marshall Islands,MHL,2002,12.89683
Marshall Islands,MHL,2012,18.40226
Mauritania,MRT,1998,23.43074
Mauritania,MRT,1999,21.19342
Mauritania,MRT,2001,24.7898
Mauritania,MRT,2002,26.81099
Mauritania,MRT,2003,26.72091
Mauritania,MRT,2004,27.76372
Mauritania,MRT,2005,28.05821
Mauritania,MRT,2006,27.91872
Mauritania,MRT,2007,25.78877
Mauritania,MRT,2008,26.80926
Mauritania,MRT,2009,27.18274
Mauritania,MRT,2010,26.12431
Mauritania,MRT,2011,23.99567
Mauritania,MRT,2012,20.82267
Mauritania,MRT,2013,19.60557
Mauritania,MRT,2015,22.07471
Mauritania,MRT,2016,22.83163
Mauritania,MRT,2017,23.53179
Mauritania,MRT,2018,24.31946
Mauritius,MUS,1999,41.24711
Mauritius,MUS,2000,45.11679
Mauritius,MUS,2001,34.15177
Mauritius,MUS,2002,46.19788
Mauritius,MUS,2003,48.58377
Mauritius,MUS,2004,46.89165
Mauritius,MUS,2005,40.45393
Mauritius,MUS,2006,38.8462
Mauritius,MUS,2007,37.11021
Mauritius,MUS,2008,33.6415
Mauritius,MUS,2009,28.71011
Mauritius,MUS,2010,24.63284
Mauritius,MUS,2011,21.83891
Mauritius,MUS,2012,18.44844
Mauritius,MUS,2013,17.41941
Mauritius,MUS,2014,18.30956
Mauritius,MUS,2015,19.72523
Mauritius,MUS,2016,20.18211
Mauritius,MUS,2017,22.18509
Mexico,MEX,1998,0.85714
Mexico,MEX,1999,0.82399
Mexico,MEX,2000,0.80589
Mexico,MEX,2001,0.82088
Mexico,MEX,2002,0.99495
Mexico,MEX,2003,1.0326
Mexico,MEX,2004,0.97645
Mexico,MEX,2005,1.00811
Mexico,MEX,2006,1.01541
Mexico,MEX,2007,1.02041
Mexico,MEX,2008,1.01302
Mexico,MEX,2009,1.02175
Mexico,MEX,2010,0.94475
Mexico,MEX,2011,0.91452
Mexico,MEX,2012,0.87657
Mexico,MEX,2013,0.84823
Mexico,MEX,2014,0.847
Mexico,MEX,2015,0.87214
Mexico,MEX,2016,0.7967
Mexico,MEX,2017,0.78784
Mexico,MEX,2018,0.74962
Micronesia (country),FSM,1999,1.12583
Micronesia (country),FSM,2000,1.29955
Middle East and North Africa (WB),,1997,3.64613
Middle East and North Africa (WB),,1998,3.35355
Middle East and North Africa (WB),,1999,3.05418
Middle East and North Africa (WB),,2000,3.06438
Middle East and North Africa (WB),,2001,3.00883
Middle East and North Africa (WB),,2002,3.0399
Middle East and North Africa (WB),,2003,3.05066
Middle East and North Africa (WB),,2004,2.81319
Middle East and North Africa (WB),,2005,2.705
Middle East and North Africa (WB),,2006,2.67319
Middle East and North Africa (WB),,2007,2.55786
Middle East and North Africa (WB),,2008,2.52462
Middle East and North Africa (WB),,2009,2.64841
Middle East and North Africa (WB),,2010,2.64195
Middle East and North Africa (WB),,2011,2.81795
Middle East and North Africa (WB),,2012,2.86513
Middle East and North Africa (WB),,2013,2.94045
Middle East and North Africa (WB),,2014,3.12002
Middle East and North Africa (WB),,2015,3.27555
Middle East and North Africa (WB),,2016,3.56218
Middle East and North Africa (WB),,2017,3.60951
Middle East and North Africa (WB),,2018,3.90261
Moldova,MDA,1999,9.0005
Moldova,MDA,2000,9.16166
Moldova,MDA,2001,8.02495
Moldova,MDA,2002,7.84953
Moldova,MDA,2003,7.63521
Moldova,MDA,2004,7.7106
Moldova,MDA,2005,7.59585
Moldova,MDA,2006,6.65157
Moldova,MDA,2007,6.77442
Moldova,MDA,2008,10.46615
Moldova,MDA,2009,9.43548
Moldova,MDA,2010,11.62232
Moldova,MDA,2011,13.72708
Moldova,MDA,2012,13.70081
Moldova,MDA,2013,15.34817
Moldova,MDA,2014,18.1739
Moldova,MDA,2015,17.98142
Moldova,MDA,2016,19.61253
Moldova,MDA,2017,19.56767
Moldova,MDA,2018,22.2424
Monaco,MCO,2016,48.88168
Monaco,MCO,2017,49.84852
Monaco,MCO,2018,39.15544
Mongolia,MNG,1998,3.47913
Mongolia,MNG,1999,3.06563
Mongolia,MNG,2000,2.87292
Mongolia,MNG,2001,2.86597
Mongolia,MNG,2002,3.17035
Mongolia,MNG,2003,3.44454
Mongolia,MNG,2004,3.515
Mongolia,MNG,2005,3.43606
Mongolia,MNG,2006,3.48916
Mongolia,MNG,2007,4.09435
Mongolia,MNG,2008,5.35091
Mongolia,MNG,2009,5.63038
Mongolia,MNG,2010,5.90814
Mongolia,MNG,2011,6.14138
Mongolia,MNG,2012,6.03261
Mongolia,MNG,2013,5.17373
Mongolia,MNG,2014,5.48477
Mongolia,MNG,2015,5.42344
Mongolia,MNG,2016,6.24436
Mongolia,MNG,2017,6.73504
Mongolia,MNG,2018,7.65999
Montenegro,MNE,2005,9.35428
Montenegro,MNE,2006,7.98264
Montenegro,MNE,2007,6.36864
Montenegro,MNE,2008,27.83363
Montenegro,MNE,2009,22.76659
Montenegro,MNE,2010,20.68023
Montenegro,MNE,2016,19.3501
Montenegro,MNE,2017,20.20562
Montenegro,MNE,2018,21.74018
Montserrat,MSR,2008,112.85714
Montserrat,MSR,2009,96.42857
Montserrat,MSR,2010,105.8548
Morocco,MAR,1998,14.00108
Morocco,MAR,1999,13.16297
Morocco,MAR,2000,13.55624
Morocco,MAR,2001,13.76563
Morocco,MAR,2002,15.35993
Morocco,MAR,2003,15.41417
Morocco,MAR,2004,12.76853
Morocco,MAR,2005,11.15398
Morocco,MAR,2006,10.92557
Morocco,MAR,2007,10.66987
Morocco,MAR,2008,10.18086
Morocco,MAR,2009,9.95563
Morocco,MAR,2010,9.56299
Morocco,MAR,2011,8.65335
Morocco,MAR,2012,7.35961
Morocco,MAR,2013,5.69657
Morocco,MAR,2014,5.37889
Morocco,MAR,2015,5.13082
Morocco,MAR,2016,4.88941
Morocco,MAR,2017,5.08108
Morocco,MAR,2018,4.97035
Mozambique,MOZ,1999,18.03914
Mozambique,MOZ,2000,18.27243
Mozambique,MOZ,2001,19.22935
Mozambique,MOZ,2002,17.46989
Mozambique,MOZ,2003,14.12046
Mozambique,MOZ,2004,11.70733
Mozambique,MOZ,2005,10.30136
Mozambique,MOZ,2006,6.58311
Mozambique,MOZ,2007,3.98416
Mozambique,MOZ,2008,2.52603
Mozambique,MOZ,2009,2.61097
Mozambique,MOZ,2010,2.00686
Mozambique,MOZ,2011,1.814
Mozambique,MOZ,2012,1.33672
Mozambique,MOZ,2013,1.39013
Mozambique,MOZ,2014,1.29837
Mozambique,MOZ,2015,1.40704
Mozambique,MOZ,2016,1.36455
Mozambique,MOZ,2017,1.47977
Mozambique,MOZ,2018,1.45701
Myanmar,MMR,1998,0.42483
Myanmar,MMR,2001,0.35309
Myanmar,MMR,2007,0.7308
Myanmar,MMR,2011,1.1048
Myanmar,MMR,2012,1.11319
Myanmar,MMR,2018,1.1024
Namibia,NAM,1998,36.03354
Namibia,NAM,2001,48.91406
Namibia,NAM,2002,57.61408
Namibia,NAM,2003,63.87428
Namibia,NAM,2005,51.81434
Namibia,NAM,2006,61.43294
Namibia,NAM,2008,45.8974
Namibia,NAM,2014,10.24444
Namibia,NAM,2015,10.82437
Namibia,NAM,2016,9.99649
Namibia,NAM,2017,9.26752
Nepal,NPL,2000,5.19883
Nepal,NPL,2001,5.15801
Nepal,NPL,2002,5.70405
Nepal,NPL,2003,6.09414
Nepal,NPL,2004,5.49625
Nepal,NPL,2005,5.19705
Nepal,NPL,2006,5.7999
Nepal,NPL,2007,6.35509
Nepal,NPL,2008,6.95866
Nepal,NPL,2009,8.60714
Nepal,NPL,2010,7.3091
Nepal,NPL,2011,7.69
Nepal,NPL,2013,6.74265
Nepal,NPL,2014,7.79438
Nepal,NPL,2015,9.10823
Nepal,NPL,2016,13.7009
Nepal,NPL,2017,17.31982
Nepal,NPL,2018,20.24048
Netherlands,NLD,1998,2.41908
Netherlands,NLD,1999,2.4655
Netherlands,NLD,2000,2.31005
Netherlands,NLD,2001,2.17198
Netherlands,NLD,2002,2.15801
Netherlands,NLD,2003,2.20731
Netherlands,NLD,2004,1.39767
Netherlands,NLD,2005,1.65039
Netherlands,NLD,2006,1.72799
Netherlands,NLD,2007,1.77574
Netherlands,NLD,2008,1.38172
Netherlands,NLD,2009,1.82117
Netherlands,NLD,2010,1.93919
Netherlands,NLD,2011,1.73634
Netherlands,NLD,2012,1.88784
Netherlands,NLD,2015,1.8059
Netherlands,NLD,2016,2.03447
Netherlands,NLD,2017,2.11175
Netherlands,NLD,2018,1.9741
New Zealand,NZL,2013,2.1078
New Zealand,NZL,2014,1.95472
New Zealand,NZL,2015,1.9537
New Zealand,NZL,2016,2.06117
New Zealand,NZL,2017,1.78565
New Zealand,NZL,2018,1.88056
Nicaragua,NIC,2002,1.69921
Niger,NER,2003,32.62558
Niger,NER,2004,34.57158
Niger,NER,2005,29.68353
Niger,NER,2006,33.36222
Niger,NER,2007,34.60899
Niger,NER,2008,28.97709
Niger,NER,2009,21.95132
Niger,NER,2010,21.97051
Niger,NER,2011,21.70893
Niger,NER,2012,16.64503
Niger,NER,2015,10.54631
Niger,NER,2016,8.9234
Niger,NER,2017,7.451
Niger,NER,2018,6.45544
Nigeria,NGA,1999,3.21323
Nigeria,NGA,2003,2.30515
Nigeria,NGA,2004,2.38472
Nigeria,NGA,2005,2.46151
Nigeria,NGA,2010,3.75973
Nigeria,NGA,2011,3.77006
North America (WB),,1997,0.46254
North America (WB),,1998,0.48708
North America (WB),,1999,0.49739
North America (WB),,2000,0.53606
North America (WB),,2001,0.55896
North America (WB),,2002,0.54452
North America (WB),,2003,0.53298
North America (WB),,2004,0.52806
North America (WB),,2005,0.56172
North America (WB),,2006,0.5616
North America (WB),,2007,0.57697
North America (WB),,2008,0.5615
North America (WB),,2009,0.55494
North America (WB),,2010,0.52506
North America (WB),,2011,0.52471
North America (WB),,2012,0.53115
North America (WB),,2013,0.57596
North America (WB),,2014,0.59744
North America (WB),,2015,0.62657
North America (WB),,2016,0.65218
North America (WB),,2017,0.66766
North America (WB),,2018,0.65301
North Korea,PRK,2009,0.3656
North Korea,PRK,2011,0.23362
North Korea,PRK,2015,0.28463
North Korea,PRK,2018,0.25914
North Macedonia,MKD,1998,7.23602
North Macedonia,MKD,1999,5.95601
North Macedonia,MKD,2000,11.75461
North Macedonia,MKD,2001,9.30408
North Macedonia,MKD,2002,9.8447
North Macedonia,MKD,2003,10.95987
North Macedonia,MKD,2004,12.38969
North Macedonia,MKD,2005,13.07899
North Macedonia,MKD,2006,14.26621
North Macedonia,MKD,2007,11.42195
North Macedonia,MKD,2008,8.84268
North Macedonia,MKD,2009,8.66154
North Macedonia,MKD,2010,8.32363
North Macedonia,MKD,2012,7.04545
North Macedonia,MKD,2013,6.50679
North Macedonia,MKD,2014,6.31368
North Macedonia,MKD,2015,7.44781
North Macedonia,MKD,2017,8.91258
North Macedonia,MKD,2018,9.4899
Norway,NOR,1998,5.99915
Norway,NOR,1999,6.57076
Norway,NOR,2000,6.93165
Norway,NOR,2001,7.43387
Norway,NOR,2002,7.9172
Norway,NOR,2003,7.05557
Norway,NOR,2004,6.19686
Norway,NOR,2005,5.74262
Norway,NOR,2006,5.55578
Norway,NOR,2007,5.46316
Norway,NOR,2008,5.28371
Norway,NOR,2009,5.62807
Norway,NOR,2010,6.16989
Norway,NOR,2011,6.78147
Norway,NOR,2012,6.97289
Norway,NOR,2013,7.10586
Norway,NOR,2014,6.93349
Norway,NOR,2015,6.99749
Norway,NOR,2016,6.80056
Norway,NOR,2017,6.24216
Norway,NOR,2018,5.96213
Oman,OMN,1998,50.56761
Oman,OMN,2003,26.93914
Oman,OMN,2004,26.07039
Oman,OMN,2005,21.17303
Oman,OMN,2006,18.86022
Oman,OMN,2007,16.6261
Oman,OMN,2008,16.81679
Oman,OMN,2009,13.41686
Oman,OMN,2010,12.92099
Oman,OMN,2011,10.96956
Oman,OMN,2013,10.93091
Oman,OMN,2014,10.96792
Oman,OMN,2015,12.06504
Oman,OMN,2016,12.61815
Oman,OMN,2017,13.42643
Oman,OMN,2018,13.62011
Pakistan,PAK,2003,5.61225
Pakistan,PAK,2004,4.57523
Pakistan,PAK,2005,3.14548
Pakistan,PAK,2006,3.21419
Pakistan,PAK,2007,2.98533
Pakistan,PAK,2008,3.1994
Pakistan,PAK,2009,2.85727
Pakistan,PAK,2011,2.5399
Pakistan,PAK,2012,2.0742
Pakistan,PAK,2013,2.10596
Pakistan,PAK,2014,2.30928
Pakistan,PAK,2015,2.59339
Pakistan,PAK,2016,2.88144
Pakistan,PAK,2017,2.81961
Pakistan,PAK,2018,3.13193
Palau,PLW,2000,95.30988
Palau,PLW,2001,72.12708
Palau,PLW,2002,72.69731
Palau,PLW,2013,3.91466
Palestine,PSE,1998,18.11691
Palestine,PSE,1999,15.42651
Palestine,PSE,2000,14.56282
Palestine,PSE,2001,13.38133
Palestine,PSE,2002,12.4121
Palestine,PSE,2003,10.98374
Palestine,PSE,2004,9.46361
Palestine,PSE,2005,8.87433
Palestine,PSE,2006,8.42739
Palestine,PSE,2007,8.14497
Palestine,PSE,2008,8.04799
Palestine,PSE,2009,8.73363
Palestine,PSE,2010,7.91669
Palestine,PSE,2011,7.8436
Palestine,PSE,2012,8.81994
Palestine,PSE,2013,9.88268
Palestine,PSE,2014,11.45422
Palestine,PSE,2015,11.93184
Palestine,PSE,2016,12.9157
Palestine,PSE,2017,11.45914
Palestine,PSE,2018,12.31664
Panama,PAN,1998,1.79801
Panama,PAN,1999,1.71012
Panama,PAN,2000,1.66622
Panama,PAN,2001,1.55637
Panama,PAN,2002,1.59841
Panama,PAN,2003,1.64784
Panama,PAN,2004,1.53594
Panama,PAN,2005,1.70535
Panama,PAN,2006,1.68274
Panama,PAN,2007,1.74669
Panama,PAN,2008,2.0133
Panama,PAN,2009,2.00804
Panama,PAN,2010,1.96227
Panama,PAN,2011,1.6889
Panama,PAN,2012,1.77865
Panama,PAN,2014,2.07266
Panama,PAN,2015,2.03003
Panama,PAN,2016,2.11164
Papua New Guinea,PNG,1998,8.09413
Papua New Guinea,PNG,1999,7.97811
Paraguay,PRY,1999,1.56058
Paraguay,PRY,2000,1.33353
Paraguay,PRY,2001,1.90981
Paraguay,PRY,2002,1.7852
Paraguay,PRY,2003,2.34043
Paraguay,PRY,2004,2.60077
Paraguay,PRY,2005,3.01506
Paraguay,PRY,2007,3.50682
Paraguay,PRY,2008,3.26119
Paraguay,PRY,2009,3.2673
Paraguay,PRY,2010,3.737
Peru,PER,1999,0.58809
Peru,PER,2000,0.81501
Peru,PER,2001,1.01236
Peru,PER,2002,1.2788
Peru,PER,2003,1.47895
Peru,PER,2004,1.47563
Peru,PER,2005,1.59232
Peru,PER,2006,1.7744
Peru,PER,2016,1.57299
Peru,PER,2017,1.71439
Philippines,PHL,1998,0.24576
Philippines,PHL,1999,0.2301
Philippines,PHL,2001,0.22803
Philippines,PHL,2002,0.25933
Philippines,PHL,2003,0.29235
Philippines,PHL,2004,0.30247
Philippines,PHL,2005,0.31457
Philippines,PHL,2006,0.31842
Philippines,PHL,2008,0.33531
Philippines,PHL,2009,0.38377
Philippines,PHL,2010,0.42923
Philippines,PHL,2011,0.39635
Philippines,PHL,2012,0.3693
Philippines,PHL,2013,0.35332
Philippines,PHL,2014,0.3725
Philippines,PHL,2017,0.48327
Poland,POL,1998,1.12115
Poland,POL,1999,0.96148
Poland,POL,2000,0.90856
Poland,POL,2001,0.86643
Poland,POL,2002,0.87852
Poland,POL,2003,0.94538
Poland,POL,2004,0.88252
Poland,POL,2005,0.9431
Poland,POL,2006,1.07013
Poland,POL,2007,1.20035
Poland,POL,2008,1.25755
Poland,POL,2009,1.32557
Poland,POL,2010,1.29176
Poland,POL,2011,1.28601
Poland,POL,2012,1.29758
Poland,POL,2013,1.22387
Poland,POL,2014,1.35144
Poland,POL,2015,1.43315
Poland,POL,2016,1.51466
Poland,POL,2017,1.62328
Poland,POL,2018,1.76511
Portugal,PRT,1998,2.6738
Portugal,PRT,1999,2.72653
Portugal,PRT,2000,2.51833
Portugal,PRT,2001,2.55945
Portugal,PRT,2002,2.57729
Portugal,PRT,2003,2.74314
Portugal,PRT,2004,2.47888
Portugal,PRT,2005,2.90082
Portugal,PRT,2006,2.83381
Portugal,PRT,2007,3.1915
Portugal,PRT,2008,3.02857
Portugal,PRT,2009,3.2856
Portugal,PRT,2010,3.32251
Portugal,PRT,2011,3.32425
Portugal,PRT,2012,3.25178
Portugal,PRT,2013,3.05289
Portugal,PRT,2014,3.19525
Portugal,PRT,2015,3.61925
Portugal,PRT,2016,3.75411
Portugal,PRT,2017,4.06616
Portugal,PRT,2018,4.22952
Puerto Rico,PRI,2012,0.25399
Puerto Rico,PRI,2013,0.28168
Puerto Rico,PRI,2014,0.3143
Puerto Rico,PRI,2015,0.28874
Puerto Rico,PRI,2016,0.35826
Puerto Rico,PRI,2018,0.40193
Qatar,QAT,1998,12.64261
Qatar,QAT,1999,12.91667
Qatar,QAT,2001,16.11124
Qatar,QAT,2002,16.47672
Qatar,QAT,2003,17.00981
Qatar,QAT,2004,14.61003
Qatar,QAT,2005,19.00381
Qatar,QAT,2006,17.80361
Qatar,QAT,2007,17.92891
Qatar,QAT,2008,17.15424
Qatar,QAT,2009,18.35443
Qatar,QAT,2010,20.22082
Qatar,QAT,2011,18.40179
Qatar,QAT,2012,21.02832
Qatar,QAT,2013,23.32183
Qatar,QAT,2014,18.22527
Qatar,QAT,2015,19.72484
Qatar,QAT,2016,22.12411
Qatar,QAT,2017,21.04774
Qatar,QAT,2018,26.79768
Romania,ROU,1998,3.08522
Romania,ROU,1999,2.72515
Romania,ROU,2000,2.90607
Romania,ROU,2001,2.85965
Romania,ROU,2002,2.92788
Romania,ROU,2003,2.8594
Romania,ROU,2004,2.68364
Romania,ROU,2005,2.49264
Romania,ROU,2006,2.46663
Romania,ROU,2007,2.25736
Romania,ROU,2008,2.07507
Romania,ROU,2009,2.09855
Romania,ROU,2010,2.50325
Romania,ROU,2011,3.24479
Romania,ROU,2012,4.48579
Romania,ROU,2013,5.26795
Romania,ROU,2014,5.65912
Romania,ROU,2015,5.96329
Romania,ROU,2016,6.34328
Romania,ROU,2017,6.77898
Romania,ROU,2018,6.96533
Russia,RUS,1998,0.57535
Russia,RUS,1999,0.53386
Russia,RUS,2000,0.50001
Russia,RUS,2001,0.44835
Russia,RUS,2002,0.44783
Russia,RUS,2003,0.4258
Russia,RUS,2004,0.41831
Russia,RUS,2005,0.40995
Russia,RUS,2006,0.42947
Russia,RUS,2007,0.43842
Russia,RUS,2008,0.47265
Russia,RUS,2009,0.50588
Russia,RUS,2011,0.5967
Russia,RUS,2012,0.6371
Russia,RUS,2013,0.68359
Russia,RUS,2014,0.79978
Russia,RUS,2015,0.87128
Russia,RUS,2016,0.93003
Russia,RUS,2017,0.96486
Russia,RUS,2018,0.99798
Rwanda,RWA,1999,53.94505
Rwanda,RWA,2000,35.11962
Rwanda,RWA,2001,27.45396
Rwanda,RWA,2002,24.54158
Rwanda,RWA,2003,17.12566
Rwanda,RWA,2004,13.81897
Rwanda,RWA,2005,12.88598
Rwanda,RWA,2006,10.33535
Rwanda,RWA,2007,9.54207
Rwanda,RWA,2008,9.45015
Rwanda,RWA,2009,8.42088
Rwanda,RWA,2010,7.91466
Rwanda,RWA,2011,7.59205
Rwanda,RWA,2012,8.46753
Rwanda,RWA,2013,8.56292
Rwanda,RWA,2014,7.99919
Rwanda,RWA,2015,6.28728
Rwanda,RWA,2016,5.58971
Rwanda,RWA,2017,5.72542
Rwanda,RWA,2018,6.40661
Saint Kitts and Nevis,KNA,2008,58.53706
Saint Kitts and Nevis,KNA,2014,11.93268
Saint Kitts and Nevis,KNA,2015,13.06416
Saint Lucia,LCA,2004,47.93217
Saint Lucia,LCA,2005,51.40931
Saint Lucia,LCA,2006,66.38053
Saint Lucia,LCA,2007,88.48314
Saint Lucia,LCA,2008,46.68607
Saint Lucia,LCA,2009,44.72684
Saint Lucia,LCA,2010,71.52059
Saint Lucia,LCA,2011,52.94106
Saint Lucia,LCA,2012,67.95476
Saint Lucia,LCA,2013,47.18081
Saint Lucia,LCA,2014,38.50728
Saint Lucia,LCA,2015,36.52628
Saint Lucia,LCA,2016,32.25157
Saint Lucia,LCA,2017,31.39499
Saint Lucia,LCA,2018,46.36249
Saint Vincent and the Grenadines,VCT,2014,33.85544
Saint Vincent and the Grenadines,VCT,2015,33.4934
Samoa,WSM,1998,65.58704
Samoa,WSM,1999,52.43185
Samoa,WSM,2000,82.99492
Samoa,WSM,2017,43.41723
Samoa,WSM,2018,43.689
San Marino,SMR,2000,75.05308
San Marino,SMR,2008,85.62971
San Marino,SMR,2010,85.76574
San Marino,SMR,2011,89.00637
San Marino,SMR,2012,143.77867
San Marino,SMR,2018,128.50998
Sao Tome and Principe,STP,2009,106.91288
Sao Tome and Principe,STP,2010,76.32724
Sao Tome and Principe,STP,2012,38.1187
Sao Tome and Principe,STP,2014,40.39683
Sao Tome and Principe,STP,2015,28.14501
Saudi Arabia,SAU,1998,3.41464
Saudi Arabia,SAU,1999,2.81652
Saudi Arabia,SAU,2000,2.67759
Saudi Arabia,SAU,2001,2.61148
Saudi Arabia,SAU,2002,2.777
Saudi Arabia,SAU,2003,2.20095
Saudi Arabia,SAU,2004,2.07023
Saudi Arabia,SAU,2005,2.08285
Saudi Arabia,SAU,2006,2.18015
Saudi Arabia,SAU,2007,2.99714
Saudi Arabia,SAU,2008,3.48736
Saudi Arabia,SAU,2009,4.1507
Saudi Arabia,SAU,2010,4.72542
Saudi Arabia,SAU,2011,5.06362
Saudi Arabia,SAU,2012,5.35757
Saudi Arabia,SAU,2013,5.52713
Saudi Arabia,SAU,2014,5.62529
Saudi Arabia,SAU,2015,5.64519
Saudi Arabia,SAU,2016,5.56199
Saudi Arabia,SAU,2017,5.0119
Saudi Arabia,SAU,2018,4.7767
Senegal,SEN,1999,19.33932
Senegal,SEN,2004,21.10906
Senegal,SEN,2005,19.68276
Senegal,SEN,2006,19.56419
Senegal,SEN,2007,17.14968
Senegal,SEN,2008,13.62191
Senegal,SEN,2009,12.93632
Senegal,SEN,2010,13.65398
Senegal,SEN,2011,10.10358
Senegal,SEN,2012,9.66302
Senegal,SEN,2013,8.40184
Senegal,SEN,2014,8.5072
Senegal,SEN,2015,8.54537
Senegal,SEN,2016,8.34533
Senegal,SEN,2017,7.89104
Senegal,SEN,2018,7.50544
Serbia,SRB,2001,5.43238
Serbia,SRB,2002,5.84279
Serbia,SRB,2003,5.47224
Serbia,SRB,2004,4.15403
Serbia,SRB,2005,4.281
Serbia,SRB,2006,4.5973
Serbia,SRB,2007,4.87956
Serbia,SRB,2008,4.77872
Serbia,SRB,2009,5.19218
Serbia,SRB,2010,5.4648
Serbia,SRB,2011,5.73577
Serbia,SRB,2012,5.37107
Serbia,SRB,2013,5.30109
Serbia,SRB,2014,5.79433
Serbia,SRB,2015,5.71973
Serbia,SRB,2016,5.97313
Serbia,SRB,2017,6.18525
Serbia,SRB,2018,6.14772
Seychelles,SYC,2011,216.20917
Seychelles,SYC,2012,474.41666
Seychelles,SYC,2013,199.43105
Seychelles,SYC,2014,92.38145
Seychelles,SYC,2015,40.18973
Seychelles,SYC,2016,41.50438
Seychelles,SYC,2017,37.1997
Seychelles,SYC,2018,48.39794
Sierra Leone,SLE,2000,14.03099
Sierra Leone,SLE,2001,9.11313
Sierra Leone,SLE,2002,9.64403
Singapore,SGP,2007,10.32203
Singapore,SGP,2008,9.51204
Singapore,SGP,2009,9.40632
Singapore,SGP,2010,8.74402
Singapore,SGP,2011,8.76218
Singapore,SGP,2012,8.65646
Sint Maarten (Dutch part),SXM,2012,4.69588
Sint Maarten (Dutch part),SXM,2014,50.40128
Sint Maarten (Dutch part),SXM,2015,48.93399
Slovakia,SVK,1998,3.77004
Slovakia,SVK,1999,3.6481
Slovakia,SVK,2000,4.25653
Slovakia,SVK,2001,6.16955
Slovakia,SVK,2002,7.16865
Slovakia,SVK,2003,8.76356
Slovakia,SVK,2004,8.86946
Slovakia,SVK,2005,9.69304
Slovakia,SVK,2006,11.01232
Slovakia,SVK,2007,10.91287
Slovakia,SVK,2008,11.37688
Slovakia,SVK,2009,11.94576
Slovakia,SVK,2010,13.04137
Slovakia,SVK,2011,14.50754
Slovakia,SVK,2012,14.92354
Slovakia,SVK,2013,15.84696
Slovakia,SVK,2014,16.20249
Slovakia,SVK,2015,17.09074
Slovakia,SVK,2016,19.10826
Slovakia,SVK,2017,20.7969
Slovakia,SVK,2018,21.78806
Slovenia,SVN,1998,2.24437
Slovenia,SVN,1999,1.95764
Slovenia,SVN,2000,6.57989
Slovenia,SVN,2001,1.979
Slovenia,SVN,2002,1.93244
Slovenia,SVN,2003,2.08202
Slovenia,SVN,2004,2.11454
Slovenia,SVN,2005,2.08988
Slovenia,SVN,2006,2.03569
Slovenia,SVN,2007,1.95463
Slovenia,SVN,2008,1.98034
Slovenia,SVN,2009,2.113
Slovenia,SVN,2010,2.119
Slovenia,SVN,2011,2.37537
Slovenia,SVN,2012,2.33164
Slovenia,SVN,2013,2.67636
Slovenia,SVN,2014,2.76401
Slovenia,SVN,2015,3.18615
Slovenia,SVN,2016,3.58101
Slovenia,SVN,2017,4.17732
Slovenia,SVN,2018,4.17491
South Africa,ZAF,2012,0.63685
South Africa,ZAF,2013,0.68046
South Africa,ZAF,2014,0.71402
South Africa,ZAF,2015,0.6989
South Africa,ZAF,2016,0.74604
South Africa,ZAF,2017,0.72761
South Africa,ZAF,2018,0.77528
South Asia (WB),,1997,1.33156
South Asia (WB),,1998,1.15355
South Asia (WB),,1999,1.03313
South Asia (WB),,2000,1.00595
South Asia (WB),,2001,1.0789
South Asia (WB),,2002,1.29965
South Asia (WB),,2003,1.40641
South Asia (WB),,2004,1.44645
South Asia (WB),,2005,1.5241
South Asia (WB),,2006,1.43298
South Asia (WB),,2007,1.39737
South Asia (WB),,2008,1.38444
South Asia (WB),,2009,1.42009
South Asia (WB),,2010,1.32977
South Asia (WB),,2011,1.06464
South Asia (WB),,2012,0.94737
South Asia (WB),,2013,1.01443
South Asia (WB),,2014,1.10805
South Asia (WB),,2015,1.2038
South Asia (WB),,2016,1.38528
South Asia (WB),,2017,1.47383
South Asia (WB),,2018,1.55142
South Korea,KOR,1998,2.35239
South Korea,KOR,1999,2.35201
South Korea,KOR,2000,2.31402
South Korea,KOR,2001,2.30806
South Korea,KOR,2002,2.61927
South Korea,KOR,2003,2.77562
South Korea,KOR,2004,2.94491
South Korea,KOR,2005,3.08531
South Korea,KOR,2006,3.26204
South Korea,KOR,2007,3.41293
South Korea,KOR,2008,3.66822
South Korea,KOR,2009,3.92939
South Korea,KOR,2010,3.85973
South Korea,KOR,2011,3.81023
South Korea,KOR,2012,3.61205
South Korea,KOR,2013,3.40662
South Korea,KOR,2014,3.31814
South Korea,KOR,2015,3.30031
South Korea,KOR,2016,3.29147
South Korea,KOR,2017,3.36374
South Korea,KOR,2018,3.30027
Spain,ESP,1998,1.44828
Spain,ESP,1999,1.46174
Spain,ESP,2000,1.49298
Spain,ESP,2001,1.45461
Spain,ESP,2002,1.47349
Spain,ESP,2003,1.49178
Spain,ESP,2004,1.34416
Spain,ESP,2005,1.36162
Spain,ESP,2006,1.3736
Spain,ESP,2007,1.42523
Spain,ESP,2008,1.3038
Spain,ESP,2009,1.32952
Spain,ESP,2010,1.33969
Spain,ESP,2011,1.41766
Spain,ESP,2012,1.57057
Spain,ESP,2013,1.52541
Spain,ESP,2014,1.66297
Spain,ESP,2015,1.7804
Spain,ESP,2016,1.93483
Spain,ESP,2017,2.06439
Spain,ESP,2018,2.04859
Sri Lanka,LKA,2010,6.46787
Sri Lanka,LKA,2011,6.84381
Sri Lanka,LKA,2012,6.05856
Sri Lanka,LKA,2013,5.38711
Sri Lanka,LKA,2014,5.38763
Sri Lanka,LKA,2015,5.6343
Sri Lanka,LKA,2016,6.45498
Sri Lanka,LKA,2017,7.18633
Sri Lanka,LKA,2018,8.01796
Sub-Saharan Africa (WB),,1997,7.64379
Sub-Saharan Africa (WB),,1998,7.29454
Sub-Saharan Africa (WB),,1999,7.21028
Sub-Saharan Africa (WB),,2000,6.95151
Sub-Saharan Africa (WB),,2001,6.5898
Sub-Saharan Africa (WB),,2002,6.6362
Sub-Saharan Africa (WB),,2003,6.56776
Sub-Saharan Africa (WB),,2004,6.13956
Sub-Saharan Africa (WB),,2005,5.85669
Sub-Saharan Africa (WB),,2006,5.71824
Sub-Saharan Africa (WB),,2007,5.68583
Sub-Saharan Africa (WB),,2008,5.4521
Sub-Saharan Africa (WB),,2009,5.2361
Sub-Saharan Africa (WB),,2010,4.99823
Sub-Saharan Africa (WB),,2011,4.96441
Sub-Saharan Africa (WB),,2012,4.29586
Sub-Saharan Africa (WB),,2013,4.15146
Sub-Saharan Africa (WB),,2014,4.40275
Sub-Saharan Africa (WB),,2015,4.56826
Sub-Saharan Africa (WB),,2016,4.71676
Sub-Saharan Africa (WB),,2017,4.62357
Sub-Saharan Africa (WB),,2018,4.50509
Sudan,SDN,2011,1.4857
Sudan,SDN,2012,1.50156
Sudan,SDN,2013,1.54031
Sudan,SDN,2014,1.84054
Sudan,SDN,2015,1.94731
Suriname,SUR,2002,20.48062
Sweden,SWE,1998,4.40665
Sweden,SWE,1999,4.03821
Sweden,SWE,2000,3.5354
Sweden,SWE,2001,4.21762
Sweden,SWE,2002,3.99253
Sweden,SWE,2003,3.56666
Sweden,SWE,2004,2.99726
Sweden,SWE,2005,3.08176
Sweden,SWE,2006,3.15868
Sweden,SWE,2007,3.33425
Sweden,SWE,2008,3.43272
Sweden,SWE,2009,3.52181
Sweden,SWE,2010,3.42547
Sweden,SWE,2011,3.59618
Sweden,SWE,2012,3.93284
Sweden,SWE,2013,4.13549
Sweden,SWE,2014,4.09451
Sweden,SWE,2015,4.06138
Sweden,SWE,2016,4.0631
Sweden,SWE,2017,3.88003
Sweden,SWE,2018,3.70551
Switzerland,CHE,1998,5.85511
Switzerland,CHE,1999,5.88129
Switzerland,CHE,2000,4.64796
Switzerland,CHE,2001,5.408
Switzerland,CHE,2002,5.28045
Switzerland,CHE,2003,5.10465
Switzerland,CHE,2004,5.09868
Switzerland,CHE,2005,4.88396
Switzerland,CHE,2006,5.04608
Switzerland,CHE,2007,5.05096
Switzerland,CHE,2008,4.7734
Switzerland,CHE,2009,4.82299
Switzerland,CHE,2010,4.66208
Switzerland,CHE,2011,4.63823
Switzerland,CHE,2012,4.36952
Switzerland,CHE,2013,4.36244
Switzerland,CHE,2014,4.25687
Switzerland,CHE,2015,4.32312
Switzerland,CHE,2016,4.54636
Switzerland,CHE,2017,4.78127
Switzerland,CHE,2018,5.36944
Syria,SYR,2002,6.32445
Syria,SYR,2003,6.03229
Syria,SYR,2004,5.56457
Syria,SYR,2005,4.73376
Syria,SYR,2006,3.96371
Syria,SYR,2007,3.67154
Syria,SYR,2008,3.53111
Syria,SYR,2009,3.39521
Syria,SYR,2010,2.73853
Syria,SYR,2011,3.08467
Syria,SYR,2012,2.87154
Syria,SYR,2013,3.80159
Syria,SYR,2014,4.00333
Syria,SYR,2015,4.99999
Syria,SYR,2016,6.70148
Tajikistan,TJK,1999,1.49151
Tajikistan,TJK,2000,1.42667
Tajikistan,TJK,2001,1.57722
Tajikistan,TJK,2002,2.0331
Tajikistan,TJK,2003,2.03196
Tajikistan,TJK,2004,1.81937
Tajikistan,TJK,2005,2.07014
Tajikistan,TJK,2006,1.80696
Tajikistan,TJK,2007,1.81089
Tajikistan,TJK,2008,2.81364
Tajikistan,TJK,2009,3.28014
Tajikistan,TJK,2010,4.27701
Tajikistan,TJK,2011,4.54493
Tajikistan,TJK,2012,4.3899
Tajikistan,TJK,2013,5.30479
Tajikistan,TJK,2014,6.17646
Tajikistan,TJK,2015,6.99488
Tajikistan,TJK,2016,8.40857
Tajikistan,TJK,2017,7.45243
Tanzania,TZA,1998,19.52536
Tanzania,TZA,1999,16.71702
Tanzania,TZA,2000,16.35728
Tanzania,TZA,2001,17.31718
Tanzania,TZA,2002,19.44296
Tanzania,TZA,2003,15.57227
Tanzania,TZA,2004,10.89212
Tanzania,TZA,2005,9.15094
Tanzania,TZA,2007,9.3022
Tanzania,TZA,2010,7.84665
Tanzania,TZA,2012,3.46112
Tanzania,TZA,2013,3.77705
Tanzania,TZA,2015,3.72661
Tanzania,TZA,2016,3.95634
Thailand,THA,1998,1.42483
Thailand,THA,1999,1.21835
Thailand,THA,2000,1.10812
Thailand,THA,2001,1.04915
Thailand,THA,2002,1.18856
Thailand,THA,2003,1.15512
Thailand,THA,2004,1.12903
Thailand,THA,2005,1.06218
Thailand,THA,2006,1.08766
Thailand,THA,2007,1.05482
Thailand,THA,2008,1.07301
Thailand,THA,2009,1.11039
Thailand,THA,2010,1.15334
Thailand,THA,2011,1.08901
Thailand,THA,2012,1.09443
Thailand,THA,2013,1.08537
Thailand,THA,2014,1.10223
Thailand,THA,2016,1.27669
Togo,TGO,1998,27.16101
Togo,TGO,2006,18.47176
Togo,TGO,2007,15.58685
Togo,TGO,2010,8.77951
Togo,TGO,2011,7.85322
Togo,TGO,2012,7.65301
Togo,TGO,2013,7.34348
Togo,TGO,2014,8.41542
Togo,TGO,2015,9.1245
Togo,TGO,2016,7.25772
Togo,TGO,2017,6.87017
Togo,TGO,2018,6.71624
Tonga,TON,1999,282.54773
Tonga,TON,2000,199.03941
Tonga,TON,2001,233.21878
Tonga,TON,2002,196.8158
Tonga,TON,2003,157.24078
Trinidad and Tobago,TTO,1999,48.46804
Trinidad and Tobago,TTO,2000,52.73039
Trinidad and Tobago,TTO,2001,47.60971
Trinidad and Tobago,TTO,2002,35.56483
Trinidad and Tobago,TTO,2003,39.94533
Trinidad and Tobago,TTO,2004,33.55024
Tunisia,TUN,1998,7.77528
Tunisia,TUN,1999,6.963
Tunisia,TUN,2000,6.44271
Tunisia,TUN,2001,5.98905
Tunisia,TUN,2002,6.0067
Tunisia,TUN,2003,5.57479
Tunisia,TUN,2004,5.0806
Tunisia,TUN,2005,4.71474
Tunisia,TUN,2006,4.98894
Tunisia,TUN,2007,4.93419
Tunisia,TUN,2008,5.0449
Tunisia,TUN,2009,5.07069
Tunisia,TUN,2010,5.27092
Tunisia,TUN,2011,5.36467
Tunisia,TUN,2012,5.33676
Tunisia,TUN,2013,5.05044
Tunisia,TUN,2014,5.44599
Tunisia,TUN,2015,5.84994
Tunisia,TUN,2016,7.02037
Tunisia,TUN,2017,7.91819
Tunisia,TUN,2018,8.71596
Turkey,TUR,1998,2.12205
Turkey,TUR,1999,2.05777
Turkey,TUR,2001,1.92421
Turkey,TUR,2002,2.01169
Turkey,TUR,2003,1.74592
Turkey,TUR,2004,1.69181
Turkey,TUR,2005,1.68049
Turkey,TUR,2006,1.52479
Turkey,TUR,2007,1.52802
Turkey,TUR,2008,1.59744
Turkey,TUR,2009,1.5029
Turkey,TUR,2010,1.28531
Turkey,TUR,2011,1.21805
Turkey,TUR,2012,1.07041
Turkey,TUR,2013,0.91069
Turkey,TUR,2014,0.82574
Turkey,TUR,2015,0.7535
Turkey,TUR,2016,0.68087
Turkey,TUR,2017,0.63531
Turkey,TUR,2018,0.62889
Turkmenistan,TKM,2014,107.05278
Turks and Caicos Islands,TCA,2008,12550
Turks and Caicos Islands,TCA,2010,4483.3335
Turks and Caicos Islands,TCA,2015,53.5456
Uganda,UGA,1999,6.2674
Uganda,UGA,2000,4.68512
Uganda,UGA,2001,4.3385
Uganda,UGA,2002,3.53046
Uganda,UGA,2003,3.37874
Uganda,UGA,2004,3.3189
Uganda,UGA,2006,3.29721
Uganda,UGA,2008,3.51672
Uganda,UGA,2009,3.46275
Uganda,UGA,2010,3.4509
Uganda,UGA,2011,3.79289
Uganda,UGA,2012,3.99183
Uganda,UGA,2014,3.24079
Ukraine,UKR,1998,0.98082
Ukraine,UKR,1999,0.94836
Ukraine,UKR,2000,1.28708
Ukraine,UKR,2001,1.02173
Ukraine,UKR,2002,1.05326
Ukraine,UKR,2003,0.97783
Ukraine,UKR,2004,0.92454
Ukraine,UKR,2005,0.9114
Ukraine,UKR,2006,0.8917
Ukraine,UKR,2007,0.90219
Ukraine,UKR,2008,1.11184
Ukraine,UKR,2009,1.17651
Ukraine,UKR,2010,1.34025
Ukraine,UKR,2011,1.44415
Ukraine,UKR,2012,1.55662
Ukraine,UKR,2013,1.92822
Ukraine,UKR,2014,2.32652
Ukraine,UKR,2015,3.84017
Ukraine,UKR,2016,4.58186
Ukraine,UKR,2017,4.67094
Ukraine,UKR,2018,4.4631
United Arab Emirates,ARE,2007,7.67777
United Arab Emirates,ARE,2008,7.86173
United Arab Emirates,ARE,2009,7.71092
United Arab Emirates,ARE,2010,7.93084
United Arab Emirates,ARE,2011,7.40886
United Arab Emirates,ARE,2012,6.99596
United Arab Emirates,ARE,2013,6.56211
United Arab Emirates,ARE,2014,6.58949
United Arab Emirates,ARE,2015,6.95886
United Arab Emirates,ARE,2016,7.34447
United Arab Emirates,ARE,2017,5.86966
United Kingdom,GBR,1998,1.39309
United Kingdom,GBR,1999,1.27893
United Kingdom,GBR,2000,1.05084
United Kingdom,GBR,2001,1.30938
United Kingdom,GBR,2002,1.29001
United Kingdom,GBR,2003,1.29494
United Kingdom,GBR,2004,1.04136
United Kingdom,GBR,2005,0.99004
United Kingdom,GBR,2006,0.97758
United Kingdom,GBR,2007,1.0438
United Kingdom,GBR,2008,0.94955
United Kingdom,GBR,2009,0.9889
United Kingdom,GBR,2010,1.00136
United Kingdom,GBR,2011,1.15787
United Kingdom,GBR,2012,1.06584
United Kingdom,GBR,2013,1.19937
United Kingdom,GBR,2014,1.27767
United Kingdom,GBR,2015,1.35085
United Kingdom,GBR,2016,1.44508
United Kingdom,GBR,2017,1.50238
United Kingdom,GBR,2018,1.58024
United States,USA,1998,0.29868
United States,USA,1999,0.31208
United States,USA,2000,0.34159
United States,USA,2001,0.36524
United States,USA,2002,0.34283
United States,USA,2003,0.32858
United States,USA,2004,0.32388
United States,USA,2005,0.3421
United States,USA,2006,0.34465
United States,USA,2007,0.36117
United States,USA,2008,0.34802
United States,USA,2009,0.34457
United States,USA,2010,0.32879
United States,USA,2011,0.3354
United States,USA,2012,0.34326
United States,USA,2013,0.37877
United States,USA,2014,0.39574
United States,USA,2015,0.41246
United States,USA,2016,0.43541
United States,USA,2017,0.45542
United States,USA,2018,0.4453
Upper-middle-income countries,,1997,1.8225
Upper-middle-income countries,,1998,1.75254
Upper-middle-income countries,,1999,1.65293
Upper-middle-income countries,,2000,1.60186
Upper-middle-income countries,,2001,1.53844
Upper-middle-income countries,,2002,1.59862
Upper-middle-income countries,,2003,1.63873
Upper-middle-income countries,,2004,1.58378
Upper-middle-income countries,,2005,1.54772
Upper-middle-income countries,,2006,1.47174
Upper-middle-income countries,,2007,1.47149
Upper-middle-income countries,,2008,1.52828
Upper-middle-income countries,,2009,1.56642
Upper-middle-income countries,,2010,1.6177
Upper-middle-income countries,,2011,1.72509
Upper-middle-income countries,,2012,1.72081
Upper-middle-income countries,,2013,1.72775
Upper-middle-income countries,,2014,1.68784
Upper-middle-income countries,,2015,1.74314
Upper-middle-income countries,,2016,1.78962
Upper-middle-income countries,,2017,1.84914
Upper-middle-income countries,,2018,1.91388
Uruguay,URY,1998,1.34792
Uruguay,URY,1999,1.51209
Uruguay,URY,2000,1.6329
Uruguay,URY,2001,1.65794
Uruguay,URY,2002,1.97593
Uruguay,URY,2003,2.19773
Uruguay,URY,2004,2.23793
Uruguay,URY,2005,2.4139
Uruguay,URY,2006,2.56484
Uruguay,URY,2007,2.81963
Uruguay,URY,2008,2.73474
Uruguay,URY,2009,2.84672
Uruguay,URY,2010,3.1783
Uruguay,URY,2011,3.11002
Uruguay,URY,2012,2.88392
Uruguay,URY,2013,2.72129
Uruguay,URY,2014,2.7084
Uruguay,URY,2015,2.84352
Uruguay,URY,2016,2.82703
Uruguay,URY,2017,3.16642
Uzbekistan,UZB,1999,4.79891
Uzbekistan,UZB,2000,4.56946
Uzbekistan,UZB,2001,3.63562
Uzbekistan,UZB,2002,3.89341
Uzbekistan,UZB,2003,3.6431
Uzbekistan,UZB,2004,4.65833
Uzbekistan,UZB,2005,8.84671
Uzbekistan,UZB,2006,10.44643
Uzbekistan,UZB,2007,11.14503
Uzbekistan,UZB,2008,10.5273
Uzbekistan,UZB,2009,9.68077
Uzbekistan,UZB,2010,8.40357
Uzbekistan,UZB,2011,8.35163
Uzbekistan,UZB,2012,7.48545
Uzbekistan,UZB,2013,7.83933
Uzbekistan,UZB,2014,10.02833
Uzbekistan,UZB,2015,10.71735
Uzbekistan,UZB,2016,12.3863
Uzbekistan,UZB,2017,12.44585
Uzbekistan,UZB,2018,12.31791
Vanuatu,VUT,1999,119.74298
Vanuatu,VUT,2000,117.81932
Vanuatu,VUT,2001,116.96426
Vanuatu,VUT,2002,91.41037
Vanuatu,VUT,2003,91.98434
Vanuatu,VUT,2004,87.66327
Venezuela,VEN,2000,1.48905
Venezuela,VEN,2002,1.27594
Venezuela,VEN,2003,1.25723
Venezuela,VEN,2004,1.14148
Venezuela,VEN,2008,0.72284
Venezuela,VEN,2009,0.7403
Vietnam,VNM,1998,1.06967
Vietnam,VNM,1999,0.99744
Vietnam,VNM,2000,1.24702
Vietnam,VNM,2001,1.31183
Vietnam,VNM,2002,1.54897
Vietnam,VNM,2003,1.76899
Vietnam,VNM,2005,1.45537
Vietnam,VNM,2006,1.61217
Vietnam,VNM,2007,1.73754
Vietnam,VNM,2008,2.18011
Vietnam,VNM,2009,2.45331
Vietnam,VNM,2010,2.31793
Vietnam,VNM,2011,2.32953
Vietnam,VNM,2012,2.38079
Vietnam,VNM,2013,2.4878
Vietnam,VNM,2014,2.20885
Vietnam,VNM,2015,2.75842
Vietnam,VNM,2016,3.5828
World,OWID_WRL,1997,2.29992
World,OWID_WRL,1998,2.18342
World,OWID_WRL,1999,2.13439
World,OWID_WRL,2000,2.09339
World,OWID_WRL,2001,2.03285
World,OWID_WRL,2002,2.09716
World,OWID_WRL,2003,2.10777
World,OWID_WRL,2004,2.02614
World,OWID_WRL,2005,2.02348
World,OWID_WRL,2006,1.97027
World,OWID_WRL,2007,1.98409
World,OWID_WRL,2008,2.01459
World,OWID_WRL,2009,2.04624
World,OWID_WRL,2010,2.0722
World,OWID_WRL,2011,2.07623
World,OWID_WRL,2012,2.04786
World,OWID_WRL,2013,2.10948
World,OWID_WRL,2014,2.11007
World,OWID_WRL,2015,2.19859
World,OWID_WRL,2016,2.31164
World,OWID_WRL,2017,2.39505
World,OWID_WRL,2018,2.47541
Yemen,YEM,1999,3.79128
Yemen,YEM,2002,4.06219
Yemen,YEM,2003,4.14222
Yemen,YEM,2004,4.6954
Yemen,YEM,2005,4.71731
Yemen,YEM,2006,4.7761
Yemen,YEM,2007,3.93915
Yemen,YEM,2008,4.1875
Yemen,YEM,2009,4.14896
Yemen,YEM,2010,3.35178
Yemen,YEM,2011,5.05096
Zambia,ZMB,1998,12.24175
Zambia,ZMB,1999,17.46059
Zambia,ZMB,2011,10.89683
Zambia,ZMB,2012,8.73156
Zimbabwe,ZWE,2010,27.05179
Zimbabwe,ZWE,2011,31.25822
Zimbabwe,ZWE,2012,17.63131
Zimbabwe,ZWE,2013,17.62443
Zimbabwe,ZWE,2015,12.59951