Entity,Code,Year,"15.a.1 - Total official development assistance for biodiversity, by recipient countries (millions of constant 2021 United States dollars) - DC_ODA_BDVL"
Afghanistan,AFG,2002,250000
Afghanistan,AFG,2003,1200000
Afghanistan,AFG,2004,430000
Afghanistan,AFG,2005,3300000
Afghanistan,AFG,2006,18240000
Afghanistan,AFG,2007,31310000
Afghanistan,AFG,2008,52770000
Afghanistan,AFG,2009,92700000
Afghanistan,AFG,2010,362770000
Afghanistan,AFG,2011,131539999.99999999
Afghanistan,AFG,2012,116340000
Afghanistan,AFG,2013,102020000
Afghanistan,AFG,2014,67690000
Afghanistan,AFG,2015,25350000
Afghanistan,AFG,2016,91250000
Afghanistan,AFG,2017,53530000
Afghanistan,AFG,2018,28240000
Afghanistan,AFG,2019,60400000
Afghanistan,AFG,2020,28470000
Afghanistan,AFG,2021,28970000
Africa (UN),,2002,370530000
Africa (UN),,2003,255210000
Africa (UN),,2004,664330000
Africa (UN),,2005,633540000
Africa (UN),,2006,595480000
Africa (UN),,2007,783550000
Africa (UN),,2008,745290000
Africa (UN),,2009,971530000
Africa (UN),,2010,1372330000
Africa (UN),,2011,1312630000
Africa (UN),,2012,1623050000
Africa (UN),,2013,1901040000
Africa (UN),,2014,1594360000
Africa (UN),,2015,2848110000
Africa (UN),,2016,2226370000
Africa (UN),,2017,2748780000
Africa (UN),,2018,2147750000
Africa (UN),,2019,1556650000
Africa (UN),,2020,1331090000
Africa (UN),,2021,2310850000
Algeria,DZA,2002,1130000
Algeria,DZA,2003,8680000
Algeria,DZA,2004,170000
Algeria,DZA,2005,8300000.000000001
Algeria,DZA,2006,2640000
Algeria,DZA,2007,470000
Algeria,DZA,2008,390000
Algeria,DZA,2009,16640000
Algeria,DZA,2010,4580000
Algeria,DZA,2011,6200000
Algeria,DZA,2012,66440000
Algeria,DZA,2013,41620000
Algeria,DZA,2014,13400000
Algeria,DZA,2015,16660000
Algeria,DZA,2016,2880000
Algeria,DZA,2017,2630000
Algeria,DZA,2018,1290000
Algeria,DZA,2019,17850000
Algeria,DZA,2020,35180000
Algeria,DZA,2021,2900000
Angola,AGO,2002,3170000
Angola,AGO,2003,830000
Angola,AGO,2004,380000
Angola,AGO,2005,2840000
Angola,AGO,2006,4340000
Angola,AGO,2007,4160000
Angola,AGO,2008,3240000
Angola,AGO,2009,4650000
Angola,AGO,2010,10060000
Angola,AGO,2011,16110000
Angola,AGO,2012,22040000
Angola,AGO,2013,19980000
Angola,AGO,2014,4360000
Angola,AGO,2015,7280000
Angola,AGO,2016,1360000
Angola,AGO,2017,178850000
Angola,AGO,2018,100620000
Angola,AGO,2019,1710000
Angola,AGO,2020,1450000
Angola,AGO,2021,4179999.9999999995
Antigua and Barbuda,ATG,2007,130000
Antigua and Barbuda,ATG,2008,210000
Antigua and Barbuda,ATG,2009,270000
Antigua and Barbuda,ATG,2010,190000
Antigua and Barbuda,ATG,2011,490000
Antigua and Barbuda,ATG,2012,0
Antigua and Barbuda,ATG,2013,150000
Antigua and Barbuda,ATG,2014,190000
Antigua and Barbuda,ATG,2015,200000
Antigua and Barbuda,ATG,2016,160000
Antigua and Barbuda,ATG,2017,360000
Antigua and Barbuda,ATG,2018,140000
Antigua and Barbuda,ATG,2019,190000
Antigua and Barbuda,ATG,2020,290000
Antigua and Barbuda,ATG,2021,60000
Argentina,ARG,2002,2840000
Argentina,ARG,2003,1790000
Argentina,ARG,2004,2580000
Argentina,ARG,2005,2160000
Argentina,ARG,2006,4280000
Argentina,ARG,2007,2330000
Argentina,ARG,2008,2780000
Argentina,ARG,2009,8100000
Argentina,ARG,2010,7480000
Argentina,ARG,2011,4250000
Argentina,ARG,2012,1950000
Argentina,ARG,2013,2890000
Argentina,ARG,2014,2270000
Argentina,ARG,2015,3810000
Argentina,ARG,2016,2240000
Argentina,ARG,2017,4660000
Argentina,ARG,2018,1010000
Argentina,ARG,2019,1450000
Argentina,ARG,2020,1220000
Argentina,ARG,2021,5530000
Armenia,ARM,2002,2990000
Armenia,ARM,2003,610000
Armenia,ARM,2004,1880000
Armenia,ARM,2005,3720000
Armenia,ARM,2006,20000
Armenia,ARM,2007,530000
Armenia,ARM,2008,35320000
Armenia,ARM,2009,30000
Armenia,ARM,2010,430000
Armenia,ARM,2011,7510000
Armenia,ARM,2012,7210000
Armenia,ARM,2013,2590000
Armenia,ARM,2014,70730000
Armenia,ARM,2015,2300000
Armenia,ARM,2016,146910000
Armenia,ARM,2017,24420000
Armenia,ARM,2018,30170000
Armenia,ARM,2019,57970000
Armenia,ARM,2020,2940000
Armenia,ARM,2021,30360000
Asia (UN),,2002,990130000
Asia (UN),,2003,1595370000
Asia (UN),,2004,653450000
Asia (UN),,2005,1424290000
Asia (UN),,2006,1555800000
Asia (UN),,2007,1985800000
Asia (UN),,2008,1287410000
Asia (UN),,2009,1440130000
Asia (UN),,2010,1611760000
Asia (UN),,2011,1894890000
Asia (UN),,2012,1252470000
Asia (UN),,2013,985500000
Asia (UN),,2014,2509300000
Asia (UN),,2015,2184560000
Asia (UN),,2016,2661620000
Asia (UN),,2017,1589870000
Asia (UN),,2018,1619110000
Asia (UN),,2019,1564720000
Asia (UN),,2020,1101270000
Asia (UN),,2021,1452000000
Azerbaijan,AZE,2002,3400000
Azerbaijan,AZE,2003,52510000
Azerbaijan,AZE,2004,20000
Azerbaijan,AZE,2005,170000
Azerbaijan,AZE,2006,3910000
Azerbaijan,AZE,2007,240000
Azerbaijan,AZE,2008,340000
Azerbaijan,AZE,2009,302880000
Azerbaijan,AZE,2010,120000
Azerbaijan,AZE,2011,1090000
Azerbaijan,AZE,2012,1700000
Azerbaijan,AZE,2013,870000
Azerbaijan,AZE,2014,190000
Azerbaijan,AZE,2015,17530000
Azerbaijan,AZE,2016,5250000
Azerbaijan,AZE,2017,17190000
Azerbaijan,AZE,2018,500000
Azerbaijan,AZE,2019,10000
Azerbaijan,AZE,2020,490000
Azerbaijan,AZE,2021,15970000
Bahrain,BHR,2003,20000
Bangladesh,BGD,2002,6120000
Bangladesh,BGD,2003,75490000
Bangladesh,BGD,2004,29850000
Bangladesh,BGD,2005,50710000
Bangladesh,BGD,2006,91950000
Bangladesh,BGD,2007,4250000
Bangladesh,BGD,2008,75070000
Bangladesh,BGD,2009,42410000
Bangladesh,BGD,2010,40200000
Bangladesh,BGD,2011,57100000
Bangladesh,BGD,2012,74750000
Bangladesh,BGD,2013,103520000
Bangladesh,BGD,2014,208310000
Bangladesh,BGD,2015,47180000
Bangladesh,BGD,2016,76930000
Bangladesh,BGD,2017,23970000
Bangladesh,BGD,2018,242890000
Bangladesh,BGD,2019,65090000
Bangladesh,BGD,2020,45130000
Bangladesh,BGD,2021,217890000
Barbados,BRB,2006,50000
Barbados,BRB,2007,90000
Barbados,BRB,2008,100000
Barbados,BRB,2009,40000
Barbados,BRB,2010,120000
Belarus,BLR,2005,0
Belarus,BLR,2008,11230000
Belarus,BLR,2009,1090000
Belarus,BLR,2010,610000
Belarus,BLR,2011,6450000
Belarus,BLR,2012,16149999.999999998
Belarus,BLR,2013,390000
Belarus,BLR,2014,560000
Belarus,BLR,2015,350000
Belarus,BLR,2017,1210000
Belarus,BLR,2018,1380000
Belarus,BLR,2019,360000
Belarus,BLR,2020,11600000
Belarus,BLR,2021,20000
Belize,BLZ,2002,190000
Belize,BLZ,2003,360000
Belize,BLZ,2004,220000
Belize,BLZ,2005,340000
Belize,BLZ,2006,150000
Belize,BLZ,2008,70000
Belize,BLZ,2009,60000
Belize,BLZ,2010,90000
Belize,BLZ,2011,1060000
Belize,BLZ,2012,170000
Belize,BLZ,2013,70000
Belize,BLZ,2014,420000
Belize,BLZ,2015,390000
Belize,BLZ,2016,740000
Belize,BLZ,2017,730000
Belize,BLZ,2018,230000
Belize,BLZ,2019,430000
Belize,BLZ,2020,140000
Belize,BLZ,2021,370000
Benin,BEN,2002,19050000
Benin,BEN,2003,6230000
Benin,BEN,2004,27850000
Benin,BEN,2005,41720000
Benin,BEN,2006,17610000
Benin,BEN,2007,5620000
Benin,BEN,2008,20560000
Benin,BEN,2009,8530000
Benin,BEN,2010,3940000
Benin,BEN,2011,38440000
Benin,BEN,2012,35050000
Benin,BEN,2013,27200000
Benin,BEN,2014,58510000
Benin,BEN,2015,82800000
Benin,BEN,2016,3180000
Benin,BEN,2017,100120000
Benin,BEN,2018,95450000
Benin,BEN,2019,10260000
Benin,BEN,2020,34070000
Benin,BEN,2021,41530000
Bhutan,BTN,2002,5290000
Bhutan,BTN,2003,16000000
Bhutan,BTN,2004,10750000
Bhutan,BTN,2005,8270000
Bhutan,BTN,2006,30000
Bhutan,BTN,2007,4110000.0000000005
Bhutan,BTN,2008,4810000
Bhutan,BTN,2009,14250000
Bhutan,BTN,2010,8390000
Bhutan,BTN,2011,5920000
Bhutan,BTN,2012,1740000
Bhutan,BTN,2013,8970000
Bhutan,BTN,2014,1560000
Bhutan,BTN,2015,90000
Bhutan,BTN,2016,28240000
Bhutan,BTN,2017,410000
Bhutan,BTN,2018,1030000
Bhutan,BTN,2019,1910000
Bhutan,BTN,2020,11040000
Bhutan,BTN,2021,22740000
Bolivia,BOL,2002,11490000
Bolivia,BOL,2003,46920000
Bolivia,BOL,2004,25580000
Bolivia,BOL,2005,54150000
Bolivia,BOL,2006,26580000
Bolivia,BOL,2007,83170000
Bolivia,BOL,2008,63720000
Bolivia,BOL,2009,54230000
Bolivia,BOL,2010,75940000
Bolivia,BOL,2011,49730000
Bolivia,BOL,2012,52620000
Bolivia,BOL,2013,108720000
Bolivia,BOL,2014,87240000
Bolivia,BOL,2015,55210000
Bolivia,BOL,2016,12310000
Bolivia,BOL,2017,262380000
Bolivia,BOL,2018,36860000
Bolivia,BOL,2019,15650000
Bolivia,BOL,2020,37930000
Bolivia,BOL,2021,42750000
Bosnia and Herzegovina,BIH,2002,890000
Bosnia and Herzegovina,BIH,2003,400000
Bosnia and Herzegovina,BIH,2004,4820000
Bosnia and Herzegovina,BIH,2005,660000
Bosnia and Herzegovina,BIH,2006,1840000
Bosnia and Herzegovina,BIH,2007,940000
Bosnia and Herzegovina,BIH,2008,3830000
Bosnia and Herzegovina,BIH,2009,4680000
Bosnia and Herzegovina,BIH,2010,13400000
Bosnia and Herzegovina,BIH,2011,1230000
Bosnia and Herzegovina,BIH,2012,2950000
Bosnia and Herzegovina,BIH,2013,1290000
Bosnia and Herzegovina,BIH,2014,1650000
Bosnia and Herzegovina,BIH,2015,810000
Bosnia and Herzegovina,BIH,2016,4490000
Bosnia and Herzegovina,BIH,2017,20550000
Bosnia and Herzegovina,BIH,2018,12500000
Bosnia and Herzegovina,BIH,2019,19550000
Bosnia and Herzegovina,BIH,2020,9970000
Bosnia and Herzegovina,BIH,2021,4700000
Botswana,BWA,2002,4550000
Botswana,BWA,2003,140000
Botswana,BWA,2006,210000
Botswana,BWA,2007,1430000
Botswana,BWA,2009,10000
Botswana,BWA,2010,230000
Botswana,BWA,2011,1100000
Botswana,BWA,2012,910000
Botswana,BWA,2013,1260000
Botswana,BWA,2014,2570000
Botswana,BWA,2015,2960000
Botswana,BWA,2016,10460000
Botswana,BWA,2017,13220000
Botswana,BWA,2018,6730000
Botswana,BWA,2019,4470000
Botswana,BWA,2020,1580000
Botswana,BWA,2021,4320000
Brazil,BRA,2002,43560000
Brazil,BRA,2003,48460000
Brazil,BRA,2004,259510000
Brazil,BRA,2005,45570000
Brazil,BRA,2006,27340000
Brazil,BRA,2007,31890000
Brazil,BRA,2008,44800000
Brazil,BRA,2009,160830000
Brazil,BRA,2010,492400000
Brazil,BRA,2011,638540000
Brazil,BRA,2012,273310000
Brazil,BRA,2013,189430000
Brazil,BRA,2014,183880000
Brazil,BRA,2015,263980000.00000003
Brazil,BRA,2016,246150000
Brazil,BRA,2017,204040000
Brazil,BRA,2018,214830000
Brazil,BRA,2019,107550000
Brazil,BRA,2020,192730000
Brazil,BRA,2021,137070000
Burkina Faso,BFA,2002,1640000
Burkina Faso,BFA,2003,6000000
Burkina Faso,BFA,2004,7660000
Burkina Faso,BFA,2005,90000
Burkina Faso,BFA,2006,5640000
Burkina Faso,BFA,2007,3830000
Burkina Faso,BFA,2008,17860000
Burkina Faso,BFA,2009,20540000
Burkina Faso,BFA,2010,47930000
Burkina Faso,BFA,2011,25600000
Burkina Faso,BFA,2012,88170000
Burkina Faso,BFA,2013,38450000
Burkina Faso,BFA,2014,30520000
Burkina Faso,BFA,2015,82570000
Burkina Faso,BFA,2016,85190000
Burkina Faso,BFA,2017,160800000
Burkina Faso,BFA,2018,90920000
Burkina Faso,BFA,2019,68200000
Burkina Faso,BFA,2020,30160000
Burkina Faso,BFA,2021,72250000
Burundi,BDI,2002,19440000
Burundi,BDI,2003,710000
Burundi,BDI,2006,1440000
Burundi,BDI,2007,40000
Burundi,BDI,2008,5890000
Burundi,BDI,2009,9050000
Burundi,BDI,2010,5490000
Burundi,BDI,2011,18360000
Burundi,BDI,2012,9400000
Burundi,BDI,2013,55630000
Burundi,BDI,2014,4350000
Burundi,BDI,2015,14720000
Burundi,BDI,2016,6280000
Burundi,BDI,2017,7660000
Burundi,BDI,2018,13900000
Burundi,BDI,2019,4990000
Burundi,BDI,2020,6230000
Burundi,BDI,2021,29150000
Cambodia,KHM,2002,15290000
Cambodia,KHM,2003,15270000
Cambodia,KHM,2004,1400000
Cambodia,KHM,2005,2330000
Cambodia,KHM,2006,44390000
Cambodia,KHM,2007,3100000
Cambodia,KHM,2008,12850000
Cambodia,KHM,2009,11220000
Cambodia,KHM,2010,53780000
Cambodia,KHM,2011,21920000
Cambodia,KHM,2012,60240000
Cambodia,KHM,2013,28850000
Cambodia,KHM,2014,63970000
Cambodia,KHM,2015,46860000
Cambodia,KHM,2016,16940000
Cambodia,KHM,2017,23100000
Cambodia,KHM,2018,253500000
Cambodia,KHM,2019,21050000
Cambodia,KHM,2020,27990000
Cambodia,KHM,2021,28340000
Cameroon,CMR,2002,6240000
Cameroon,CMR,2003,130000
Cameroon,CMR,2004,30200000
Cameroon,CMR,2005,8780000
Cameroon,CMR,2006,14440000
Cameroon,CMR,2007,11600000
Cameroon,CMR,2008,15740000
Cameroon,CMR,2009,11890000
Cameroon,CMR,2010,14800000
Cameroon,CMR,2011,111380000
Cameroon,CMR,2012,165090000
Cameroon,CMR,2013,8720000
Cameroon,CMR,2014,10320000
Cameroon,CMR,2015,52970000
Cameroon,CMR,2016,23120000
Cameroon,CMR,2017,78680000
Cameroon,CMR,2018,46310000
Cameroon,CMR,2019,38490000
Cameroon,CMR,2020,20500000
Cameroon,CMR,2021,44400000
Cape Verde,CPV,2002,4520000
Cape Verde,CPV,2003,14050000
Cape Verde,CPV,2004,4420000
Cape Verde,CPV,2005,25720000
Cape Verde,CPV,2006,3530000
Cape Verde,CPV,2007,2290000
Cape Verde,CPV,2008,8369999.999999999
Cape Verde,CPV,2009,9220000
Cape Verde,CPV,2010,6620000
Cape Verde,CPV,2011,7600000
Cape Verde,CPV,2012,1000000
Cape Verde,CPV,2013,920000
Cape Verde,CPV,2014,670000
Cape Verde,CPV,2015,34060000
Cape Verde,CPV,2016,640000
Cape Verde,CPV,2017,470000
Cape Verde,CPV,2018,660000
Cape Verde,CPV,2019,4720000
Cape Verde,CPV,2020,1610000
Cape Verde,CPV,2021,5740000
Central African Republic,CAF,2002,100000
Central African Republic,CAF,2004,25400000
Central African Republic,CAF,2005,11270000
Central African Republic,CAF,2006,7290000
Central African Republic,CAF,2007,18870000
Central African Republic,CAF,2008,16970000
Central African Republic,CAF,2009,24020000
Central African Republic,CAF,2010,90000
Central African Republic,CAF,2011,1610000
Central African Republic,CAF,2012,5480000
Central African Republic,CAF,2013,1290000
Central African Republic,CAF,2014,430000
Central African Republic,CAF,2015,6790000
Central African Republic,CAF,2016,7430000
Central African Republic,CAF,2017,8980000
Central African Republic,CAF,2018,4490000
Central African Republic,CAF,2019,220000
Central African Republic,CAF,2020,610000
Central African Republic,CAF,2021,2110000
Chad,TCD,2002,0
Chad,TCD,2005,44620000
Chad,TCD,2006,12340000
Chad,TCD,2007,40000
Chad,TCD,2008,70000
Chad,TCD,2009,16600000.000000002
Chad,TCD,2010,21580000
Chad,TCD,2011,8170000
Chad,TCD,2012,5030000
Chad,TCD,2013,11120000
Chad,TCD,2014,1390000
Chad,TCD,2015,8670000
Chad,TCD,2016,46580000
Chad,TCD,2017,24300000
Chad,TCD,2018,46090000
Chad,TCD,2019,25720000
Chad,TCD,2020,9720000
Chad,TCD,2021,11560000
Chile,CHL,2002,8780000
Chile,CHL,2003,4200000
Chile,CHL,2004,540000
Chile,CHL,2005,1380000
Chile,CHL,2006,820000
Chile,CHL,2007,2049999.9999999998
Chile,CHL,2008,1330000
Chile,CHL,2009,10250000
Chile,CHL,2010,1810000
Chile,CHL,2011,2280000
Chile,CHL,2012,2720000
Chile,CHL,2013,970000
Chile,CHL,2014,5070000
Chile,CHL,2015,1080000
Chile,CHL,2016,1640000
Chile,CHL,2017,2200000
China,CHN,2002,540160000
China,CHN,2003,515230000
China,CHN,2004,314440000
China,CHN,2005,609600000
China,CHN,2006,484110000
China,CHN,2007,839870000
China,CHN,2008,76970000
China,CHN,2009,36320000
China,CHN,2010,246800000
China,CHN,2011,36610000
China,CHN,2012,62610000
China,CHN,2013,149170000
China,CHN,2014,56490000
China,CHN,2015,188580000
China,CHN,2016,153140000
China,CHN,2017,191200000
China,CHN,2018,20670000
China,CHN,2019,135070000
China,CHN,2020,81680000
China,CHN,2021,25830000
Colombia,COL,2002,6070000
Colombia,COL,2003,2710000
Colombia,COL,2004,31780000
Colombia,COL,2005,14310000
Colombia,COL,2006,24500000
Colombia,COL,2007,63410000
Colombia,COL,2008,15280000
Colombia,COL,2009,22480000
Colombia,COL,2010,39900000
Colombia,COL,2011,14780000
Colombia,COL,2012,131169999.99999999
Colombia,COL,2013,75100000
Colombia,COL,2014,115100000
Colombia,COL,2015,579090000
Colombia,COL,2016,259370000
Colombia,COL,2017,486820000
Colombia,COL,2018,434230000
Colombia,COL,2019,65310000
Colombia,COL,2020,509170000
Colombia,COL,2021,909400000
Comoros,COM,2006,340000
Comoros,COM,2009,20000
Comoros,COM,2010,1120000
Comoros,COM,2011,140000
Comoros,COM,2013,4040000
Comoros,COM,2014,3860000
Comoros,COM,2015,10000
Comoros,COM,2016,40000
Comoros,COM,2017,2600000
Comoros,COM,2018,3180000
Comoros,COM,2019,1200000
Comoros,COM,2020,380000
Comoros,COM,2021,2900000
Congo,COG,2002,800000
Congo,COG,2003,410000
Congo,COG,2004,1350000
Congo,COG,2005,3580000
Congo,COG,2006,5760000
Congo,COG,2007,1440000
Congo,COG,2008,10740000
Congo,COG,2009,5170000
Congo,COG,2010,3540000
Congo,COG,2011,9640000
Congo,COG,2012,13100000
Congo,COG,2013,860000
Congo,COG,2014,950000
Congo,COG,2015,80760000
Congo,COG,2016,128630000
Congo,COG,2017,1190000
Congo,COG,2018,55210000
Congo,COG,2019,10090000
Congo,COG,2020,1280000
Congo,COG,2021,21690000
Cook Islands,COK,2002,190000
Cook Islands,COK,2003,650000
Cook Islands,COK,2004,760000
Cook Islands,COK,2005,4070000.0000000005
Cook Islands,COK,2006,210000
Cook Islands,COK,2007,10000
Cook Islands,COK,2008,1370000
Cook Islands,COK,2009,10000
Cook Islands,COK,2010,3190000
Cook Islands,COK,2011,1230000
Cook Islands,COK,2012,320000
Cook Islands,COK,2013,2150000
Cook Islands,COK,2014,1130000
Cook Islands,COK,2015,210000
Cook Islands,COK,2017,1920000
Cook Islands,COK,2018,110000
Cook Islands,COK,2019,1470000
Costa Rica,CRI,2002,13400000
Costa Rica,CRI,2003,4050000
Costa Rica,CRI,2004,6070000
Costa Rica,CRI,2005,2080000
Costa Rica,CRI,2006,152540000
Costa Rica,CRI,2007,1680000
Costa Rica,CRI,2008,2560000
Costa Rica,CRI,2009,2510000
Costa Rica,CRI,2010,29390000
Costa Rica,CRI,2011,3330000
Costa Rica,CRI,2012,1870000
Costa Rica,CRI,2013,4280000
Costa Rica,CRI,2014,10050000
Costa Rica,CRI,2015,2650000
Costa Rica,CRI,2016,2730000
Costa Rica,CRI,2017,1680000
Costa Rica,CRI,2018,3520000
Costa Rica,CRI,2019,1260000
Costa Rica,CRI,2020,1580000
Costa Rica,CRI,2021,195440000
Cote d'Ivoire,CIV,2002,9660000
Cote d'Ivoire,CIV,2003,150000
Cote d'Ivoire,CIV,2004,300000
Cote d'Ivoire,CIV,2005,170000
Cote d'Ivoire,CIV,2006,2620000
Cote d'Ivoire,CIV,2007,4490000
Cote d'Ivoire,CIV,2008,1060000
Cote d'Ivoire,CIV,2009,5390000
Cote d'Ivoire,CIV,2010,16000000
Cote d'Ivoire,CIV,2011,3130000
Cote d'Ivoire,CIV,2012,3800000
Cote d'Ivoire,CIV,2013,14270000
Cote d'Ivoire,CIV,2014,1610000
Cote d'Ivoire,CIV,2015,36190000
Cote d'Ivoire,CIV,2016,25970000
Cote d'Ivoire,CIV,2017,3900000
Cote d'Ivoire,CIV,2018,15570000
Cote d'Ivoire,CIV,2019,15840000
Cote d'Ivoire,CIV,2020,45780000
Cote d'Ivoire,CIV,2021,240480000
Croatia,HRV,2002,440000
Croatia,HRV,2003,1110000
Croatia,HRV,2005,770000
Croatia,HRV,2006,1330000
Croatia,HRV,2007,1160000
Croatia,HRV,2008,1320000
Croatia,HRV,2009,940000
Croatia,HRV,2010,2890000
Cuba,CUB,2002,2810000
Cuba,CUB,2003,1580000
Cuba,CUB,2004,8560000
Cuba,CUB,2005,2080000
Cuba,CUB,2006,1710000
Cuba,CUB,2007,2150000
Cuba,CUB,2008,2660000
Cuba,CUB,2009,14640000
Cuba,CUB,2010,3790000
Cuba,CUB,2011,11750000
Cuba,CUB,2012,11200000
Cuba,CUB,2013,4790000
Cuba,CUB,2014,2130000
Cuba,CUB,2015,2870000
Cuba,CUB,2016,9730000
Cuba,CUB,2017,7790000
Cuba,CUB,2018,43240000
Cuba,CUB,2019,8940000
Cuba,CUB,2020,12440000
Cuba,CUB,2021,110770000
Democratic Republic of Congo,COD,2002,1600000
Democratic Republic of Congo,COD,2003,8119999.999999999
Democratic Republic of Congo,COD,2004,4380000
Democratic Republic of Congo,COD,2005,13490000
Democratic Republic of Congo,COD,2006,16030000.000000002
Democratic Republic of Congo,COD,2007,17180000
Democratic Republic of Congo,COD,2008,80140000
Democratic Republic of Congo,COD,2009,31320000
Democratic Republic of Congo,COD,2010,33340000.000000004
Democratic Republic of Congo,COD,2011,86860000
Democratic Republic of Congo,COD,2012,83000000
Democratic Republic of Congo,COD,2013,114360000
Democratic Republic of Congo,COD,2014,78570000
Democratic Republic of Congo,COD,2015,297650000
Democratic Republic of Congo,COD,2016,127780000
Democratic Republic of Congo,COD,2017,89710000
Democratic Republic of Congo,COD,2018,172520000
Democratic Republic of Congo,COD,2019,44660000
Democratic Republic of Congo,COD,2020,116320000
Democratic Republic of Congo,COD,2021,173450000
Developing regions,,2002,1915180000
Developing regions,,2003,2466590000
Developing regions,,2004,2244290000
Developing regions,,2005,2861530000
Developing regions,,2006,3248620000
Developing regions,,2007,3874940000
Developing regions,,2008,3297040000
Developing regions,,2009,4079320000
Developing regions,,2010,6280040000
Developing regions,,2011,6523620000
Developing regions,,2012,6071720000
Developing regions,,2013,6034410000
Developing regions,,2014,7254480000
Developing regions,,2015,10028250000
Developing regions,,2016,8610800000
Developing regions,,2017,9920660000
Developing regions,,2018,8534480000
Developing regions,,2019,7548700000
Developing regions,,2020,7731030000
Developing regions,,2021,9759580000
Djibouti,DJI,2002,30000
Djibouti,DJI,2017,310000
Djibouti,DJI,2018,9680000
Djibouti,DJI,2019,110000
Djibouti,DJI,2020,400000
Djibouti,DJI,2021,14210000
Dominica,DMA,2005,6710000
Dominica,DMA,2010,30000
Dominica,DMA,2011,450000
Dominica,DMA,2012,30000
Dominica,DMA,2013,30000
Dominica,DMA,2014,20000
Dominica,DMA,2015,10000
Dominica,DMA,2016,0
Dominica,DMA,2017,10000
Dominica,DMA,2019,1370000
Dominica,DMA,2020,40000
Dominica,DMA,2021,110000
Dominican Republic,DOM,2002,2380000
Dominican Republic,DOM,2003,5250000
Dominican Republic,DOM,2004,15460000
Dominican Republic,DOM,2005,9810000
Dominican Republic,DOM,2006,2880000
Dominican Republic,DOM,2007,11370000
Dominican Republic,DOM,2008,5840000
Dominican Republic,DOM,2009,51890000
Dominican Republic,DOM,2010,14140000
Dominican Republic,DOM,2011,9200000
Dominican Republic,DOM,2012,10130000
Dominican Republic,DOM,2013,3880000
Dominican Republic,DOM,2014,9650000
Dominican Republic,DOM,2015,61370000
Dominican Republic,DOM,2016,12750000
Dominican Republic,DOM,2017,20320000
Dominican Republic,DOM,2018,12990000
Dominican Republic,DOM,2019,3430000
Dominican Republic,DOM,2020,1990000
Dominican Republic,DOM,2021,30360000
East Timor,TLS,2003,6740000
East Timor,TLS,2005,14670000
East Timor,TLS,2006,6050000
East Timor,TLS,2007,30000
East Timor,TLS,2008,11040000
East Timor,TLS,2009,2060000
East Timor,TLS,2010,10080000
East Timor,TLS,2011,11480000
East Timor,TLS,2012,24520000
East Timor,TLS,2013,8790000
East Timor,TLS,2014,8660000
East Timor,TLS,2015,13440000
East Timor,TLS,2016,46540000
East Timor,TLS,2017,28890000
East Timor,TLS,2018,12170000
East Timor,TLS,2019,20550000
East Timor,TLS,2020,1910000
East Timor,TLS,2021,3460000
Ecuador,ECU,2002,25950000
Ecuador,ECU,2003,71460000
Ecuador,ECU,2004,37960000
Ecuador,ECU,2005,7870000
Ecuador,ECU,2006,17790000
Ecuador,ECU,2007,25020000
Ecuador,ECU,2008,18850000
Ecuador,ECU,2009,45220000
Ecuador,ECU,2010,57390000
Ecuador,ECU,2011,30610000
Ecuador,ECU,2012,17500000
Ecuador,ECU,2013,38240000
Ecuador,ECU,2014,67380000
Ecuador,ECU,2015,126110000
Ecuador,ECU,2016,28470000
Ecuador,ECU,2017,121680000
Ecuador,ECU,2018,67090000
Ecuador,ECU,2019,21820000
Ecuador,ECU,2020,15280000
Ecuador,ECU,2021,75740000
Egypt,EGY,2002,28220000
Egypt,EGY,2003,11340000
Egypt,EGY,2004,14880000
Egypt,EGY,2005,4590000
Egypt,EGY,2006,66340000
Egypt,EGY,2007,16590000
Egypt,EGY,2008,21700000
Egypt,EGY,2009,1450000
Egypt,EGY,2010,65010000.00000001
Egypt,EGY,2011,9000000
Egypt,EGY,2012,3900000
Egypt,EGY,2013,42420000
Egypt,EGY,2014,2920000
Egypt,EGY,2015,380000
Egypt,EGY,2016,11360000
Egypt,EGY,2017,67550000
Egypt,EGY,2018,1150000
Egypt,EGY,2019,10310000
Egypt,EGY,2020,51380000
Egypt,EGY,2021,10710000
El Salvador,SLV,2002,4740000
El Salvador,SLV,2003,5900000
El Salvador,SLV,2004,1280000
El Salvador,SLV,2005,4970000
El Salvador,SLV,2006,2140000
El Salvador,SLV,2007,6370000
El Salvador,SLV,2008,12370000
El Salvador,SLV,2009,6500000
El Salvador,SLV,2010,8119999.999999999
El Salvador,SLV,2011,9130000
El Salvador,SLV,2012,4910000
El Salvador,SLV,2013,8790000
El Salvador,SLV,2014,15030000
El Salvador,SLV,2015,8189999.999999999
El Salvador,SLV,2016,21020000
El Salvador,SLV,2017,17480000
El Salvador,SLV,2018,12600000
El Salvador,SLV,2019,36050000
El Salvador,SLV,2020,7390000
El Salvador,SLV,2021,7330000
Equatorial Guinea,GNQ,2002,1100000
Equatorial Guinea,GNQ,2003,60000
Equatorial Guinea,GNQ,2005,30000
Equatorial Guinea,GNQ,2007,30000
Equatorial Guinea,GNQ,2008,20000
Equatorial Guinea,GNQ,2009,1040000
Equatorial Guinea,GNQ,2010,150000
Equatorial Guinea,GNQ,2011,1230000
Equatorial Guinea,GNQ,2012,140000
Equatorial Guinea,GNQ,2013,100000
Equatorial Guinea,GNQ,2014,80000
Equatorial Guinea,GNQ,2015,360000
Equatorial Guinea,GNQ,2016,180000
Equatorial Guinea,GNQ,2017,170000
Equatorial Guinea,GNQ,2018,50000
Equatorial Guinea,GNQ,2019,730000
Equatorial Guinea,GNQ,2020,50000
Equatorial Guinea,GNQ,2021,230000
Eritrea,ERI,2002,7030000
Eritrea,ERI,2003,0
Eritrea,ERI,2006,2049999.9999999998
Eritrea,ERI,2007,620000
Eritrea,ERI,2008,670000
Eritrea,ERI,2009,620000
Eritrea,ERI,2010,2060000
Eritrea,ERI,2011,270000
Eritrea,ERI,2012,320000
Eritrea,ERI,2014,10000
Eritrea,ERI,2015,60000
Eritrea,ERI,2016,130000
Eritrea,ERI,2018,120000
Eritrea,ERI,2019,400000
Eritrea,ERI,2020,70000
Eritrea,ERI,2021,210000
Eswatini,SWZ,2002,1700000
Eswatini,SWZ,2004,1250000
Eswatini,SWZ,2006,30000
Eswatini,SWZ,2007,40000
Eswatini,SWZ,2008,10000
Eswatini,SWZ,2009,30000
Eswatini,SWZ,2010,1250000
Eswatini,SWZ,2011,90000
Eswatini,SWZ,2012,310000
Eswatini,SWZ,2013,100000
Eswatini,SWZ,2014,110000
Eswatini,SWZ,2015,0
Eswatini,SWZ,2016,2880000
Eswatini,SWZ,2017,2510000
Eswatini,SWZ,2018,130000
Eswatini,SWZ,2019,3560000
Eswatini,SWZ,2020,2990000
Eswatini,SWZ,2021,1980000
Ethiopia,ETH,2002,20980000
Ethiopia,ETH,2003,7830000
Ethiopia,ETH,2004,43880000
Ethiopia,ETH,2005,9960000
Ethiopia,ETH,2006,12260000
Ethiopia,ETH,2007,17870000
Ethiopia,ETH,2008,26790000
Ethiopia,ETH,2009,77840000
Ethiopia,ETH,2010,213040000
Ethiopia,ETH,2011,68430000
Ethiopia,ETH,2012,109330000
Ethiopia,ETH,2013,215390000
Ethiopia,ETH,2014,152230000
Ethiopia,ETH,2015,347660000
Ethiopia,ETH,2016,179030000
Ethiopia,ETH,2017,356190000
Ethiopia,ETH,2018,240280000
Ethiopia,ETH,2019,164090000
Ethiopia,ETH,2020,130030000
Ethiopia,ETH,2021,154080000
Europe (UN),,2002,14540000
Europe (UN),,2003,23480000
Europe (UN),,2004,25630000
Europe (UN),,2005,8020000
Europe (UN),,2006,23000000
Europe (UN),,2007,17490000
Europe (UN),,2008,27610000
Europe (UN),,2009,48660000
Europe (UN),,2010,76460000
Europe (UN),,2011,92850000
Europe (UN),,2012,75340000
Europe (UN),,2013,89710000
Europe (UN),,2014,48170000
Europe (UN),,2015,1044280000
Europe (UN),,2016,121970000
Europe (UN),,2017,226020000
Europe (UN),,2018,95710000
Europe (UN),,2019,234270000
Europe (UN),,2020,173390000
Europe (UN),,2021,187030000
Fiji,FJI,2002,90000
Fiji,FJI,2003,2110000
Fiji,FJI,2004,930000
Fiji,FJI,2005,510000
Fiji,FJI,2006,2170000
Fiji,FJI,2007,330000
Fiji,FJI,2008,1450000
Fiji,FJI,2009,2720000
Fiji,FJI,2010,580000
Fiji,FJI,2011,1230000
Fiji,FJI,2012,2780000
Fiji,FJI,2013,2640000
Fiji,FJI,2014,1560000
Fiji,FJI,2015,2940000
Fiji,FJI,2016,1600000
Fiji,FJI,2017,4190000.0000000005
Fiji,FJI,2018,2990000
Fiji,FJI,2019,3490000
Fiji,FJI,2020,2710000
Fiji,FJI,2021,14020000
Gabon,GAB,2002,3800000
Gabon,GAB,2003,250000
Gabon,GAB,2004,100000
Gabon,GAB,2005,4950000
Gabon,GAB,2006,14390000
Gabon,GAB,2007,29530000
Gabon,GAB,2008,1810000
Gabon,GAB,2009,3120000
Gabon,GAB,2010,30920000
Gabon,GAB,2011,3850000
Gabon,GAB,2012,20360000
Gabon,GAB,2013,7400000
Gabon,GAB,2014,8130000.000000001
Gabon,GAB,2015,10090000
Gabon,GAB,2016,48400000
Gabon,GAB,2017,1110000
Gabon,GAB,2018,10440000
Gabon,GAB,2019,980000
Gabon,GAB,2020,140000
Gabon,GAB,2021,2960000
Gambia,GMB,2002,1450000
Gambia,GMB,2004,2530000
Gambia,GMB,2005,10270000
Gambia,GMB,2006,90000
Gambia,GMB,2007,80000
Gambia,GMB,2008,30000
Gambia,GMB,2009,160000
Gambia,GMB,2010,6520000
Gambia,GMB,2011,5260000
Gambia,GMB,2012,480000
Gambia,GMB,2013,20000
Gambia,GMB,2014,90000
Gambia,GMB,2015,0
Gambia,GMB,2016,10000
Gambia,GMB,2017,6730000
Gambia,GMB,2018,100000
Gambia,GMB,2019,3110000
Gambia,GMB,2020,300000
Gambia,GMB,2021,120000
Georgia,GEO,2002,7670000
Georgia,GEO,2003,1960000
Georgia,GEO,2004,2140000
Georgia,GEO,2005,850000
Georgia,GEO,2006,4620000
Georgia,GEO,2007,1110000
Georgia,GEO,2008,3500000
Georgia,GEO,2009,1110000
Georgia,GEO,2010,6450000
Georgia,GEO,2011,19380000
Georgia,GEO,2012,58390000
Georgia,GEO,2013,11030000
Georgia,GEO,2014,17940000
Georgia,GEO,2015,89750000
Georgia,GEO,2016,103130000
Georgia,GEO,2017,1550000
Georgia,GEO,2018,7160000
Georgia,GEO,2019,140780000
Georgia,GEO,2020,2620000
Georgia,GEO,2021,58470000
Ghana,GHA,2002,9440000
Ghana,GHA,2003,10360000
Ghana,GHA,2004,232640000
Ghana,GHA,2005,35930000
Ghana,GHA,2006,19730000
Ghana,GHA,2007,18970000
Ghana,GHA,2008,63040000
Ghana,GHA,2009,32659999.999999996
Ghana,GHA,2010,20110000
Ghana,GHA,2011,22330000
Ghana,GHA,2012,63920000
Ghana,GHA,2013,87580000
Ghana,GHA,2014,71180000
Ghana,GHA,2015,38640000
Ghana,GHA,2016,75750000
Ghana,GHA,2017,63780000
Ghana,GHA,2018,12820000
Ghana,GHA,2019,38260000
Ghana,GHA,2020,17340000
Ghana,GHA,2021,11880000
Grenada,GRD,2005,740000
Grenada,GRD,2006,10000
Grenada,GRD,2007,60000
Grenada,GRD,2009,20000
Grenada,GRD,2010,150000
Grenada,GRD,2011,470000
Grenada,GRD,2012,10000
Grenada,GRD,2013,50000
Grenada,GRD,2014,200000
Grenada,GRD,2015,10000
Grenada,GRD,2016,80000
Grenada,GRD,2017,190000
Grenada,GRD,2018,200000
Grenada,GRD,2019,190000
Grenada,GRD,2020,30000
Guatemala,GTM,2002,6100000
Guatemala,GTM,2003,10790000
Guatemala,GTM,2004,40660000
Guatemala,GTM,2005,32409999.999999996
Guatemala,GTM,2006,39320000
Guatemala,GTM,2007,6950000
Guatemala,GTM,2008,24410000
Guatemala,GTM,2009,10330000
Guatemala,GTM,2010,8680000
Guatemala,GTM,2011,18860000
Guatemala,GTM,2012,20020000
Guatemala,GTM,2013,58430000
Guatemala,GTM,2014,47540000
Guatemala,GTM,2015,45710000
Guatemala,GTM,2016,38600000
Guatemala,GTM,2017,20290000
Guatemala,GTM,2018,28080000
Guatemala,GTM,2019,17840000
Guatemala,GTM,2020,45220000
Guatemala,GTM,2021,58100000
Guinea,GIN,2002,10900000
Guinea,GIN,2003,8770000
Guinea,GIN,2004,2470000
Guinea,GIN,2005,20000
Guinea,GIN,2007,1750000
Guinea,GIN,2008,700000
Guinea,GIN,2009,1360000
Guinea,GIN,2010,1640000
Guinea,GIN,2011,20840000
Guinea,GIN,2012,7990000
Guinea,GIN,2013,13910000
Guinea,GIN,2014,9530000
Guinea,GIN,2015,5490000
Guinea,GIN,2016,4160000
Guinea,GIN,2017,46370000
Guinea,GIN,2018,76950000
Guinea,GIN,2019,7280000
Guinea,GIN,2020,4910000
Guinea,GIN,2021,7040000
Guinea-Bissau,GNB,2002,1940000
Guinea-Bissau,GNB,2003,690000
Guinea-Bissau,GNB,2004,220000
Guinea-Bissau,GNB,2005,620000
Guinea-Bissau,GNB,2006,400000
Guinea-Bissau,GNB,2007,5730000
Guinea-Bissau,GNB,2008,2580000
Guinea-Bissau,GNB,2009,540000
Guinea-Bissau,GNB,2010,1380000
Guinea-Bissau,GNB,2011,1990000
Guinea-Bissau,GNB,2012,590000
Guinea-Bissau,GNB,2013,770000
Guinea-Bissau,GNB,2014,680000
Guinea-Bissau,GNB,2015,6070000
Guinea-Bissau,GNB,2016,1180000
Guinea-Bissau,GNB,2017,300000
Guinea-Bissau,GNB,2018,55930000
Guinea-Bissau,GNB,2019,2200000
Guinea-Bissau,GNB,2020,1670000
Guinea-Bissau,GNB,2021,1680000
Guyana,GUY,2003,10000
Guyana,GUY,2004,3910000
Guyana,GUY,2006,20000
Guyana,GUY,2007,70000
Guyana,GUY,2008,90000
Guyana,GUY,2009,13040000
Guyana,GUY,2010,238890000
Guyana,GUY,2011,4430000
Guyana,GUY,2012,6070000
Guyana,GUY,2013,2120000
Guyana,GUY,2014,87280000
Guyana,GUY,2015,4940000
Guyana,GUY,2016,51010000
Guyana,GUY,2017,9820000
Guyana,GUY,2018,660000
Guyana,GUY,2019,670000
Guyana,GUY,2020,3810000
Guyana,GUY,2021,16329999.999999998
Haiti,HTI,2002,3110000
Haiti,HTI,2003,2770000
Haiti,HTI,2004,190000
Haiti,HTI,2005,13650000
Haiti,HTI,2006,2000000
Haiti,HTI,2007,10780000
Haiti,HTI,2008,9760000
Haiti,HTI,2009,11850000
Haiti,HTI,2010,51710000
Haiti,HTI,2011,70880000
Haiti,HTI,2012,27710000
Haiti,HTI,2013,81110000
Haiti,HTI,2014,22230000
Haiti,HTI,2015,71530000
Haiti,HTI,2016,83830000
Haiti,HTI,2017,54520000
Haiti,HTI,2018,25540000
Haiti,HTI,2019,37170000
Haiti,HTI,2020,30560000
Haiti,HTI,2021,37490000
Honduras,HND,2002,34080000
Honduras,HND,2003,4260000
Honduras,HND,2004,11640000
Honduras,HND,2005,6670000
Honduras,HND,2006,59380000
Honduras,HND,2007,8230000
Honduras,HND,2008,8650000
Honduras,HND,2009,9020000
Honduras,HND,2010,89390000
Honduras,HND,2011,60530000
Honduras,HND,2012,86030000
Honduras,HND,2013,32460000
Honduras,HND,2014,30560000
Honduras,HND,2015,27960000
Honduras,HND,2016,28120000
Honduras,HND,2017,22370000
Honduras,HND,2018,18510000
Honduras,HND,2019,28520000
Honduras,HND,2020,31230000
Honduras,HND,2021,57470000
India,IND,2002,89520000
India,IND,2003,365630000
India,IND,2004,74970000
India,IND,2005,329320000
India,IND,2006,612330000
India,IND,2007,680690000
India,IND,2008,279390000
India,IND,2009,42000000
India,IND,2010,120840000
India,IND,2011,588150000
India,IND,2012,180220000
India,IND,2013,30730000
India,IND,2014,420910000
India,IND,2015,248900000
India,IND,2016,467240000
India,IND,2017,447120000
India,IND,2018,375020000
India,IND,2019,239420000
India,IND,2020,324480000
India,IND,2021,52600000
Indonesia,IDN,2002,34330000
Indonesia,IDN,2003,56260000
Indonesia,IDN,2004,33220000
Indonesia,IDN,2005,184870000
Indonesia,IDN,2006,33570000
Indonesia,IDN,2007,52810000
Indonesia,IDN,2008,138820000
Indonesia,IDN,2009,84430000
Indonesia,IDN,2010,224690000
Indonesia,IDN,2011,141260000
Indonesia,IDN,2012,161100000
Indonesia,IDN,2013,188880000
Indonesia,IDN,2014,235850000
Indonesia,IDN,2015,137440000
Indonesia,IDN,2016,221910000
Indonesia,IDN,2017,241780000
Indonesia,IDN,2018,178890000
Indonesia,IDN,2019,202930000
Indonesia,IDN,2020,169370000
Indonesia,IDN,2021,267750000
Iran,IRN,2003,1140000
Iran,IRN,2004,1290000
Iran,IRN,2005,740000
Iran,IRN,2006,700000
Iran,IRN,2007,250000
Iran,IRN,2008,1730000
Iran,IRN,2009,1750000
Iran,IRN,2010,1290000
Iran,IRN,2011,1370000
Iran,IRN,2012,1880000
Iran,IRN,2013,1000000
Iran,IRN,2014,2270000
Iran,IRN,2015,6980000
Iran,IRN,2016,3960000
Iran,IRN,2017,7570000
Iran,IRN,2018,1330000
Iran,IRN,2019,31210000
Iran,IRN,2020,2460000
Iran,IRN,2021,670000
Iraq,IRQ,2003,220000
Iraq,IRQ,2004,3440000
Iraq,IRQ,2005,40000
Iraq,IRQ,2007,17900000
Iraq,IRQ,2008,18950000
Iraq,IRQ,2009,19670000
Iraq,IRQ,2010,11950000
Iraq,IRQ,2011,9810000
Iraq,IRQ,2012,7560000
Iraq,IRQ,2013,2040000
Iraq,IRQ,2014,2000000
Iraq,IRQ,2015,321880000
Iraq,IRQ,2016,14880000
Iraq,IRQ,2017,13960000
Iraq,IRQ,2018,14150000
Iraq,IRQ,2019,12770000
Iraq,IRQ,2020,10430000
Iraq,IRQ,2021,117530000
Jamaica,JAM,2003,130000
Jamaica,JAM,2004,460000
Jamaica,JAM,2005,40000
Jamaica,JAM,2006,240000
Jamaica,JAM,2007,20530000
Jamaica,JAM,2008,6620000
Jamaica,JAM,2009,40000
Jamaica,JAM,2010,1880000
Jamaica,JAM,2011,3660000
Jamaica,JAM,2012,150000
Jamaica,JAM,2013,40120000
Jamaica,JAM,2014,1090000
Jamaica,JAM,2015,1560000
Jamaica,JAM,2016,30000
Jamaica,JAM,2017,21280000
Jamaica,JAM,2018,1840000
Jamaica,JAM,2019,570000
Jamaica,JAM,2020,6760000
Jamaica,JAM,2021,440000
Jordan,JOR,2002,1550000
Jordan,JOR,2003,440000
Jordan,JOR,2004,6840000
Jordan,JOR,2005,67620000
Jordan,JOR,2006,21930000
Jordan,JOR,2007,1760000
Jordan,JOR,2008,6770000
Jordan,JOR,2009,4780000
Jordan,JOR,2010,21020000
Jordan,JOR,2011,28010000
Jordan,JOR,2012,15620000
Jordan,JOR,2013,23000000
Jordan,JOR,2014,13420000
Jordan,JOR,2015,239430000
Jordan,JOR,2016,69200000
Jordan,JOR,2017,199350000
Jordan,JOR,2018,20270000
Jordan,JOR,2019,10730000
Jordan,JOR,2020,63320000
Jordan,JOR,2021,56360000
Kazakhstan,KAZ,2002,41860000
Kazakhstan,KAZ,2003,184660000
Kazakhstan,KAZ,2004,80000
Kazakhstan,KAZ,2005,6260000
Kazakhstan,KAZ,2006,310000
Kazakhstan,KAZ,2007,720000
Kazakhstan,KAZ,2008,3980000
Kazakhstan,KAZ,2009,2360000
Kazakhstan,KAZ,2010,1160000
Kazakhstan,KAZ,2011,150000
Kazakhstan,KAZ,2012,610000
Kazakhstan,KAZ,2013,12720000
Kazakhstan,KAZ,2014,250000
Kazakhstan,KAZ,2015,20000
Kazakhstan,KAZ,2016,2680000
Kazakhstan,KAZ,2017,3500000
Kazakhstan,KAZ,2018,2190000
Kazakhstan,KAZ,2019,1180000
Kazakhstan,KAZ,2020,370000
Kazakhstan,KAZ,2021,1020000
Kenya,KEN,2002,24940000
Kenya,KEN,2003,7160000
Kenya,KEN,2004,9690000
Kenya,KEN,2005,1130000
Kenya,KEN,2006,30950000
Kenya,KEN,2007,54570000
Kenya,KEN,2008,14820000
Kenya,KEN,2009,175660000
Kenya,KEN,2010,49490000
Kenya,KEN,2011,118110000
Kenya,KEN,2012,147330000
Kenya,KEN,2013,128960000.00000001
Kenya,KEN,2014,132470000
Kenya,KEN,2015,220710000
Kenya,KEN,2016,58680000
Kenya,KEN,2017,85100000
Kenya,KEN,2018,44050000
Kenya,KEN,2019,173690000
Kenya,KEN,2020,40090000
Kenya,KEN,2021,58620000
Kiribati,KIR,2002,30000
Kiribati,KIR,2003,20000
Kiribati,KIR,2005,60000
Kiribati,KIR,2006,640000
Kiribati,KIR,2007,370000
Kiribati,KIR,2008,3380000
Kiribati,KIR,2009,3220000
Kiribati,KIR,2010,710000
Kiribati,KIR,2011,11080000
Kiribati,KIR,2012,440000
Kiribati,KIR,2013,6690000
Kiribati,KIR,2014,700000
Kiribati,KIR,2015,940000
Kiribati,KIR,2016,5280000
Kiribati,KIR,2017,6720000
Kiribati,KIR,2018,1510000
Kiribati,KIR,2019,2460000
Kiribati,KIR,2020,5320000
Kiribati,KIR,2021,2089999.9999999998
Kosovo,OWID_KOS,2009,1150000
Kosovo,OWID_KOS,2010,20790000
Kosovo,OWID_KOS,2011,710000
Kosovo,OWID_KOS,2012,17560000
Kosovo,OWID_KOS,2013,17120000
Kosovo,OWID_KOS,2014,20920000
Kosovo,OWID_KOS,2015,8470000
Kosovo,OWID_KOS,2016,5970000
Kosovo,OWID_KOS,2017,19370000
Kosovo,OWID_KOS,2018,15440000
Kosovo,OWID_KOS,2019,9070000
Kosovo,OWID_KOS,2020,15020000
Kosovo,OWID_KOS,2021,9400000
Kyrgyzstan,KGZ,2002,2550000
Kyrgyzstan,KGZ,2003,50000
Kyrgyzstan,KGZ,2004,1250000
Kyrgyzstan,KGZ,2005,280000
Kyrgyzstan,KGZ,2006,550000
Kyrgyzstan,KGZ,2007,760000
Kyrgyzstan,KGZ,2008,3010000
Kyrgyzstan,KGZ,2009,3170000
Kyrgyzstan,KGZ,2010,2690000
Kyrgyzstan,KGZ,2011,4950000
Kyrgyzstan,KGZ,2012,2840000
Kyrgyzstan,KGZ,2013,3750000
Kyrgyzstan,KGZ,2014,7210000
Kyrgyzstan,KGZ,2015,250000
Kyrgyzstan,KGZ,2016,820000
Kyrgyzstan,KGZ,2017,900000
Kyrgyzstan,KGZ,2018,4410000
Kyrgyzstan,KGZ,2019,520000
Kyrgyzstan,KGZ,2020,3700000
Kyrgyzstan,KGZ,2021,420000
Laos,LAO,2002,5370000
Laos,LAO,2003,4120000
Laos,LAO,2004,10570000
Laos,LAO,2005,1630000
Laos,LAO,2006,2140000
Laos,LAO,2007,4059999.9999999995
Laos,LAO,2008,20480000
Laos,LAO,2009,16640000
Laos,LAO,2010,40000000
Laos,LAO,2011,47330000
Laos,LAO,2012,26310000
Laos,LAO,2013,37120000
Laos,LAO,2014,53450000
Laos,LAO,2015,6080000
Laos,LAO,2016,19690000
Laos,LAO,2017,28570000
Laos,LAO,2018,22530000
Laos,LAO,2019,17120000
Laos,LAO,2020,53750000
Laos,LAO,2021,41090000
Latin America and the Caribbean (UN),,2002,225910000
Latin America and the Caribbean (UN),,2003,273000000
Latin America and the Caribbean (UN),,2004,526919999.99999994
Latin America and the Caribbean (UN),,2005,315040000
Latin America and the Caribbean (UN),,2006,469590000
Latin America and the Caribbean (UN),,2007,547060000
Latin America and the Caribbean (UN),,2008,324500000
Latin America and the Caribbean (UN),,2009,576510000
Latin America and the Caribbean (UN),,2010,1370830000
Latin America and the Caribbean (UN),,2011,1122810000
Latin America and the Caribbean (UN),,2012,901030000
Latin America and the Caribbean (UN),,2013,811160000
Latin America and the Caribbean (UN),,2014,805260000
Latin America and the Caribbean (UN),,2015,1384430000
Latin America and the Caribbean (UN),,2016,1003510000
Latin America and the Caribbean (UN),,2017,1655690000
Latin America and the Caribbean (UN),,2018,1052380000.0000001
Latin America and the Caribbean (UN),,2019,466520000
Latin America and the Caribbean (UN),,2020,1037109999.9999999
Latin America and the Caribbean (UN),,2021,2189490000
Least Developed Countries (LDCs),,2002,313250000
Least Developed Countries (LDCs),,2003,306000000
Least Developed Countries (LDCs),,2004,339170000
Least Developed Countries (LDCs),,2005,545630000
Least Developed Countries (LDCs),,2006,390400000
Least Developed Countries (LDCs),,2007,457360000
Least Developed Countries (LDCs),,2008,687100000
Least Developed Countries (LDCs),,2009,784460000
Least Developed Countries (LDCs),,2010,1598520000
Least Developed Countries (LDCs),,2011,1285190000
Least Developed Countries (LDCs),,2012,1296510000
Least Developed Countries (LDCs),,2013,1886970000
Least Developed Countries (LDCs),,2014,1657160000
Least Developed Countries (LDCs),,2015,2339250000
Least Developed Countries (LDCs),,2016,1755310000
Least Developed Countries (LDCs),,2017,2335960000
Least Developed Countries (LDCs),,2018,2339680000
Least Developed Countries (LDCs),,2019,1474400000
Least Developed Countries (LDCs),,2020,1202970000
Least Developed Countries (LDCs),,2021,2139710000
Lebanon,LBN,2002,260000
Lebanon,LBN,2003,950000
Lebanon,LBN,2004,510000
Lebanon,LBN,2005,630000
Lebanon,LBN,2006,6730000
Lebanon,LBN,2007,11410000
Lebanon,LBN,2008,30860000
Lebanon,LBN,2009,4240000
Lebanon,LBN,2010,11760000
Lebanon,LBN,2011,14490000
Lebanon,LBN,2012,21900000
Lebanon,LBN,2013,5590000
Lebanon,LBN,2014,40810000
Lebanon,LBN,2015,40450000
Lebanon,LBN,2016,6570000
Lebanon,LBN,2017,4780000
Lebanon,LBN,2018,87660000
Lebanon,LBN,2019,20640000
Lebanon,LBN,2020,17970000
Lebanon,LBN,2021,29190000
Lesotho,LSO,2002,2160000
Lesotho,LSO,2003,10000
Lesotho,LSO,2004,1070000
Lesotho,LSO,2006,0
Lesotho,LSO,2007,130000
Lesotho,LSO,2008,220000
Lesotho,LSO,2009,40000
Lesotho,LSO,2010,360000
Lesotho,LSO,2011,1710000
Lesotho,LSO,2012,210000
Lesotho,LSO,2013,1080000
Lesotho,LSO,2014,80000
Lesotho,LSO,2016,20000
Lesotho,LSO,2017,1120000
Lesotho,LSO,2018,30000
Lesotho,LSO,2019,3840000
Lesotho,LSO,2020,980000
Lesotho,LSO,2021,3630000
Liberia,LBR,2004,50000
Liberia,LBR,2005,50000
Liberia,LBR,2006,20000
Liberia,LBR,2007,7480000
Liberia,LBR,2008,2530000
Liberia,LBR,2009,8080000
Liberia,LBR,2010,20320000
Liberia,LBR,2011,17530000
Liberia,LBR,2012,27970000
Liberia,LBR,2013,30670000
Liberia,LBR,2014,13870000
Liberia,LBR,2015,27990000
Liberia,LBR,2016,87030000
Liberia,LBR,2017,6330000
Liberia,LBR,2018,13720000
Liberia,LBR,2019,10620000
Liberia,LBR,2020,9530000
Liberia,LBR,2021,10010000
Libya,LBY,2005,10000
Libya,LBY,2006,20000
Libya,LBY,2007,40000
Libya,LBY,2008,20000
Libya,LBY,2009,50000
Libya,LBY,2010,20000
Libya,LBY,2011,1990000
Libya,LBY,2012,710000
Libya,LBY,2014,290000
Libya,LBY,2015,1380000
Libya,LBY,2016,0
Libya,LBY,2019,60000
Libya,LBY,2020,17320000
Libya,LBY,2021,3820000
Madagascar,MDG,2002,23790000
Madagascar,MDG,2003,13110000
Madagascar,MDG,2004,15690000
Madagascar,MDG,2005,57490000
Madagascar,MDG,2006,25060000
Madagascar,MDG,2007,38490000
Madagascar,MDG,2008,13560000
Madagascar,MDG,2009,9150000
Madagascar,MDG,2010,3810000
Madagascar,MDG,2011,34180000
Madagascar,MDG,2012,27720000
Madagascar,MDG,2013,55410000
Madagascar,MDG,2014,42880000
Madagascar,MDG,2015,72640000
Madagascar,MDG,2016,31790000
Madagascar,MDG,2017,227570000
Madagascar,MDG,2018,82670000
Madagascar,MDG,2019,32350000
Madagascar,MDG,2020,66930000.00000001
Madagascar,MDG,2021,107730000
Malawi,MWI,2002,3190000
Malawi,MWI,2003,7400000
Malawi,MWI,2004,3190000
Malawi,MWI,2005,24470000
Malawi,MWI,2006,910000
Malawi,MWI,2007,21350000
Malawi,MWI,2008,13020000
Malawi,MWI,2009,49690000
Malawi,MWI,2010,75500000
Malawi,MWI,2011,28460000
Malawi,MWI,2012,50690000
Malawi,MWI,2013,67140000
Malawi,MWI,2014,69760000
Malawi,MWI,2015,41460000
Malawi,MWI,2016,49890000
Malawi,MWI,2017,228710000
Malawi,MWI,2018,17500000
Malawi,MWI,2019,87510000
Malawi,MWI,2020,23510000
Malawi,MWI,2021,19870000
Malaysia,MYS,2002,3880000
Malaysia,MYS,2003,8440000
Malaysia,MYS,2004,7970000
Malaysia,MYS,2005,1380000
Malaysia,MYS,2006,7460000
Malaysia,MYS,2007,1610000
Malaysia,MYS,2008,5850000
Malaysia,MYS,2009,1940000
Malaysia,MYS,2010,3870000
Malaysia,MYS,2011,2130000
Malaysia,MYS,2012,8690000
Malaysia,MYS,2013,4000000
Malaysia,MYS,2014,3780000
Malaysia,MYS,2015,3540000
Malaysia,MYS,2016,3120000
Malaysia,MYS,2017,9860000
Malaysia,MYS,2018,1930000
Malaysia,MYS,2019,6310000
Malaysia,MYS,2020,700000
Malaysia,MYS,2021,9780000
Maldives,MDV,2003,50000
Maldives,MDV,2004,30000
Maldives,MDV,2005,10000
Maldives,MDV,2006,5510000
Maldives,MDV,2008,0
Maldives,MDV,2009,620000
Maldives,MDV,2010,5200000
Maldives,MDV,2011,10720000
Maldives,MDV,2012,900000
Maldives,MDV,2013,540000
Maldives,MDV,2014,170000
Maldives,MDV,2015,80000
Maldives,MDV,2016,0
Maldives,MDV,2017,240000
Maldives,MDV,2018,340000
Maldives,MDV,2019,140000
Maldives,MDV,2020,200000
Maldives,MDV,2021,40000
Mali,MLI,2002,4910000
Mali,MLI,2003,5710000
Mali,MLI,2004,4059999.9999999995
Mali,MLI,2005,45240000
Mali,MLI,2006,11390000
Mali,MLI,2007,25850000
Mali,MLI,2008,13220000
Mali,MLI,2009,23870000
Mali,MLI,2010,54540000
Mali,MLI,2011,50160000
Mali,MLI,2012,31160000
Mali,MLI,2013,49140000
Mali,MLI,2014,78010000
Mali,MLI,2015,97650000
Mali,MLI,2016,43090000
Mali,MLI,2017,36810000
Mali,MLI,2018,48130000
Mali,MLI,2019,29690000
Mali,MLI,2020,41600000
Mali,MLI,2021,70470000
Marshall Islands,MHL,2003,0
Marshall Islands,MHL,2004,0
Marshall Islands,MHL,2006,910000
Marshall Islands,MHL,2007,120000
Marshall Islands,MHL,2011,550000
Marshall Islands,MHL,2012,1610000
Marshall Islands,MHL,2013,1660000
Marshall Islands,MHL,2014,820000
Marshall Islands,MHL,2015,1400000
Marshall Islands,MHL,2016,40000
Marshall Islands,MHL,2017,160000
Marshall Islands,MHL,2018,110000
Marshall Islands,MHL,2019,1740000
Marshall Islands,MHL,2020,1390000
Marshall Islands,MHL,2021,1680000
Mauritania,MRT,2002,10600000
Mauritania,MRT,2003,8359999.999999999
Mauritania,MRT,2004,13250000
Mauritania,MRT,2005,1510000
Mauritania,MRT,2006,10190000
Mauritania,MRT,2007,7610000
Mauritania,MRT,2008,2720000
Mauritania,MRT,2009,2960000
Mauritania,MRT,2010,14270000
Mauritania,MRT,2011,17320000
Mauritania,MRT,2012,44450000
Mauritania,MRT,2013,10990000
Mauritania,MRT,2014,17600000
Mauritania,MRT,2015,16890000
Mauritania,MRT,2016,4139999.9999999995
Mauritania,MRT,2017,62620000
Mauritania,MRT,2018,18160000
Mauritania,MRT,2019,22030000
Mauritania,MRT,2020,1870000
Mauritania,MRT,2021,27210000
Mauritius,MUS,2003,40000
Mauritius,MUS,2005,20000
Mauritius,MUS,2006,9820000
Mauritius,MUS,2008,1470000
Mauritius,MUS,2009,29190000
Mauritius,MUS,2010,96290000
Mauritius,MUS,2011,5680000
Mauritius,MUS,2012,19250000
Mauritius,MUS,2013,11840000
Mauritius,MUS,2014,58480000
Mauritius,MUS,2015,310000
Mauritius,MUS,2016,320000
Mauritius,MUS,2017,120000
Mauritius,MUS,2018,81830000
Mauritius,MUS,2019,260000
Mauritius,MUS,2020,5320000
Mauritius,MUS,2021,1300000
Mayotte,MYT,2008,2770000
Mayotte,MYT,2009,740000
Mayotte,MYT,2010,1200000
Mexico,MEX,2002,5140000
Mexico,MEX,2003,16800000
Mexico,MEX,2004,13940000
Mexico,MEX,2005,15160000
Mexico,MEX,2006,8420000
Mexico,MEX,2007,13870000
Mexico,MEX,2008,18320000
Mexico,MEX,2009,13440000
Mexico,MEX,2010,32790000
Mexico,MEX,2011,42100000
Mexico,MEX,2012,125440000
Mexico,MEX,2013,29280000
Mexico,MEX,2014,27950000
Mexico,MEX,2015,18180000
Mexico,MEX,2016,25150000
Mexico,MEX,2017,276180000
Mexico,MEX,2018,63540000
Mexico,MEX,2019,24600000
Mexico,MEX,2020,24000000
Mexico,MEX,2021,331730000
Micronesia (country),FSM,2002,0
Micronesia (country),FSM,2003,20000
Micronesia (country),FSM,2005,20000
Micronesia (country),FSM,2006,90000
Micronesia (country),FSM,2007,1100000
Micronesia (country),FSM,2009,40000
Micronesia (country),FSM,2010,110000
Micronesia (country),FSM,2011,170000
Micronesia (country),FSM,2012,620000
Micronesia (country),FSM,2013,930000
Micronesia (country),FSM,2014,380000
Micronesia (country),FSM,2015,430000
Micronesia (country),FSM,2016,110000
Micronesia (country),FSM,2017,200000
Micronesia (country),FSM,2018,1200000
Micronesia (country),FSM,2019,3210000
Micronesia (country),FSM,2020,2420000
Micronesia (country),FSM,2021,1730000
Moldova,MDA,2002,2550000
Moldova,MDA,2004,2360000
Moldova,MDA,2005,20000
Moldova,MDA,2006,130000
Moldova,MDA,2007,220000
Moldova,MDA,2008,730000
Moldova,MDA,2009,290000
Moldova,MDA,2010,1330000
Moldova,MDA,2011,5690000
Moldova,MDA,2012,3400000
Moldova,MDA,2013,1750000
Moldova,MDA,2014,5110000
Moldova,MDA,2015,1630000
Moldova,MDA,2016,5460000
Moldova,MDA,2017,17520000
Moldova,MDA,2018,5230000
Moldova,MDA,2019,22060000
Moldova,MDA,2020,14380000
Moldova,MDA,2021,4280000
Mongolia,MNG,2002,5010000
Mongolia,MNG,2003,2180000
Mongolia,MNG,2004,17090000
Mongolia,MNG,2005,7280000
Mongolia,MNG,2006,15120000
Mongolia,MNG,2007,32659999.999999996
Mongolia,MNG,2008,31080000
Mongolia,MNG,2009,10550000
Mongolia,MNG,2010,10740000
Mongolia,MNG,2011,7890000
Mongolia,MNG,2012,7800000
Mongolia,MNG,2013,34410000
Mongolia,MNG,2014,6750000
Mongolia,MNG,2015,15670000
Mongolia,MNG,2016,10790000
Mongolia,MNG,2017,7760000
Mongolia,MNG,2018,27080000
Mongolia,MNG,2019,24700000
Mongolia,MNG,2020,8770000
Mongolia,MNG,2021,7650000
Montenegro,MNE,2006,2970000
Montenegro,MNE,2007,2100000
Montenegro,MNE,2008,3830000
Montenegro,MNE,2009,7030000
Montenegro,MNE,2010,20000
Montenegro,MNE,2011,190000
Montenegro,MNE,2012,13300000
Montenegro,MNE,2013,5710000
Montenegro,MNE,2014,840000
Montenegro,MNE,2015,330000
Montenegro,MNE,2016,20600000
Montenegro,MNE,2017,7230000
Montenegro,MNE,2019,35110000
Montenegro,MNE,2020,200000
Montenegro,MNE,2021,22700000
Montserrat,MSR,2005,10000
Montserrat,MSR,2010,130000
Montserrat,MSR,2014,40000
Montserrat,MSR,2015,60000
Montserrat,MSR,2016,9350000
Montserrat,MSR,2017,660000
Montserrat,MSR,2018,570000
Montserrat,MSR,2019,830000
Montserrat,MSR,2020,350000
Montserrat,MSR,2021,1020000
Morocco,MAR,2002,9880000
Morocco,MAR,2003,5780000
Morocco,MAR,2004,10140000
Morocco,MAR,2005,52400000
Morocco,MAR,2006,186760000
Morocco,MAR,2007,181380000
Morocco,MAR,2008,18730000
Morocco,MAR,2009,78890000
Morocco,MAR,2010,7520000
Morocco,MAR,2011,49070000
Morocco,MAR,2012,79630000
Morocco,MAR,2013,19170000
Morocco,MAR,2014,11010000
Morocco,MAR,2015,104740000
Morocco,MAR,2016,74310000
Morocco,MAR,2017,144180000
Morocco,MAR,2018,41430000
Morocco,MAR,2019,78970000
Morocco,MAR,2020,10130000
Morocco,MAR,2021,10300000
Mozambique,MOZ,2002,60810000
Mozambique,MOZ,2003,4390000
Mozambique,MOZ,2004,44780000
Mozambique,MOZ,2005,15180000
Mozambique,MOZ,2006,10890000
Mozambique,MOZ,2007,23060000
Mozambique,MOZ,2008,35520000
Mozambique,MOZ,2009,26970000
Mozambique,MOZ,2010,99260000
Mozambique,MOZ,2011,49670000
Mozambique,MOZ,2012,64489999.99999999
Mozambique,MOZ,2013,95290000
Mozambique,MOZ,2014,66400000.00000001
Mozambique,MOZ,2015,98540000
Mozambique,MOZ,2016,86770000
Mozambique,MOZ,2017,96410000
Mozambique,MOZ,2018,58150000
Mozambique,MOZ,2019,69300000
Mozambique,MOZ,2020,89960000
Mozambique,MOZ,2021,70390000
Myanmar,MMR,2002,200000
Myanmar,MMR,2003,2320000
Myanmar,MMR,2004,400000
Myanmar,MMR,2005,1080000
Myanmar,MMR,2006,6810000
Myanmar,MMR,2007,1190000
Myanmar,MMR,2008,1620000
Myanmar,MMR,2009,2290000
Myanmar,MMR,2010,12840000
Myanmar,MMR,2011,14800000
Myanmar,MMR,2012,9850000
Myanmar,MMR,2013,52890000
Myanmar,MMR,2014,39300000
Myanmar,MMR,2015,82070000
Myanmar,MMR,2016,15970000
Myanmar,MMR,2017,59440000
Myanmar,MMR,2018,64510000.00000001
Myanmar,MMR,2019,184900000
Myanmar,MMR,2020,28750000
Myanmar,MMR,2021,22550000
Namibia,NAM,2002,2640000
Namibia,NAM,2003,9310000
Namibia,NAM,2004,8210000.000000001
Namibia,NAM,2005,7690000
Namibia,NAM,2006,2950000
Namibia,NAM,2007,8760000
Namibia,NAM,2008,10430000
Namibia,NAM,2009,1930000
Namibia,NAM,2010,37060000
Namibia,NAM,2011,3860000
Namibia,NAM,2012,39270000
Namibia,NAM,2013,40360000
Namibia,NAM,2014,4300000
Namibia,NAM,2015,17640000
Namibia,NAM,2016,33450000.000000004
Namibia,NAM,2017,50270000
Namibia,NAM,2018,3610000
Namibia,NAM,2019,43280000
Namibia,NAM,2020,24220000
Namibia,NAM,2021,25890000
Nauru,NRU,2003,0
Nauru,NRU,2011,480000
Nauru,NRU,2012,300000
Nauru,NRU,2013,1460000
Nauru,NRU,2014,670000
Nauru,NRU,2015,340000
Nauru,NRU,2016,120000
Nauru,NRU,2017,150000
Nauru,NRU,2018,70000
Nauru,NRU,2019,1390000
Nauru,NRU,2020,930000
Nauru,NRU,2021,1580000
Nepal,NPL,2002,28830000
Nepal,NPL,2003,14360000
Nepal,NPL,2004,10110000
Nepal,NPL,2005,2100000
Nepal,NPL,2006,3670000
Nepal,NPL,2007,8010000
Nepal,NPL,2008,19720000
Nepal,NPL,2009,7400000
Nepal,NPL,2010,32080000
Nepal,NPL,2011,54030000
Nepal,NPL,2012,11770000
Nepal,NPL,2013,40760000
Nepal,NPL,2014,28090000
Nepal,NPL,2015,19470000
Nepal,NPL,2016,35690000
Nepal,NPL,2017,20590000
Nepal,NPL,2018,25400000
Nepal,NPL,2019,25710000
Nepal,NPL,2020,13390000
Nepal,NPL,2021,26410000
Nicaragua,NIC,2002,14580000
Nicaragua,NIC,2003,15010000
Nicaragua,NIC,2004,34800000
Nicaragua,NIC,2005,39580000
Nicaragua,NIC,2006,84600000
Nicaragua,NIC,2007,18340000
Nicaragua,NIC,2008,43650000
Nicaragua,NIC,2009,29470000
Nicaragua,NIC,2010,17700000
Nicaragua,NIC,2011,28950000
Nicaragua,NIC,2012,27470000
Nicaragua,NIC,2013,42610000
Nicaragua,NIC,2014,14720000
Nicaragua,NIC,2015,31370000
Nicaragua,NIC,2016,19010000
Nicaragua,NIC,2017,43060000
Nicaragua,NIC,2018,19360000
Nicaragua,NIC,2019,4670000
Nicaragua,NIC,2020,15330000
Nicaragua,NIC,2021,21970000
Niger,NER,2002,4250000
Niger,NER,2003,30000
Niger,NER,2004,1100000
Niger,NER,2005,2430000
Niger,NER,2006,3910000
Niger,NER,2007,3750000
Niger,NER,2008,32890000
Niger,NER,2009,21100000
Niger,NER,2010,12410000
Niger,NER,2011,4190000.0000000005
Niger,NER,2012,3450000
Niger,NER,2013,30620000
Niger,NER,2014,73670000
Niger,NER,2015,57220000
Niger,NER,2016,4099999.9999999995
Niger,NER,2017,79730000
Niger,NER,2018,64230000.00000001
Niger,NER,2019,8660000
Niger,NER,2020,90940000
Niger,NER,2021,98240000
Nigeria,NGA,2002,4550000
Nigeria,NGA,2003,12010000
Nigeria,NGA,2004,520000
Nigeria,NGA,2005,470000
Nigeria,NGA,2006,200000
Nigeria,NGA,2007,380000
Nigeria,NGA,2008,1870000
Nigeria,NGA,2009,1380000
Nigeria,NGA,2010,3130000
Nigeria,NGA,2011,28590000
Nigeria,NGA,2012,31870000
Nigeria,NGA,2013,25980000
Nigeria,NGA,2014,104040000
Nigeria,NGA,2015,199640000
Nigeria,NGA,2016,27150000
Nigeria,NGA,2017,94230000
Nigeria,NGA,2018,86770000
Nigeria,NGA,2019,29210000
Nigeria,NGA,2020,34540000
Nigeria,NGA,2021,34500000
Niue,NIU,2003,420000
Niue,NIU,2005,380000
Niue,NIU,2007,130000
Niue,NIU,2008,30000
Niue,NIU,2009,20000
Niue,NIU,2010,0
Niue,NIU,2012,250000
Niue,NIU,2013,710000
Niue,NIU,2014,210000
Niue,NIU,2015,200000
Niue,NIU,2017,150000
Niue,NIU,2018,20000
Niue,NIU,2019,1390000
Niue,NIU,2020,930000
Niue,NIU,2021,1190000
North Korea,PRK,2003,140000
North Korea,PRK,2005,190000
North Korea,PRK,2007,140000
North Korea,PRK,2011,820000
North Korea,PRK,2012,840000
North Korea,PRK,2013,370000
North Korea,PRK,2014,920000
North Korea,PRK,2015,590000
North Korea,PRK,2016,2630000
North Korea,PRK,2017,2710000
North Korea,PRK,2018,120000
North Korea,PRK,2019,2780000
North Korea,PRK,2020,300000
North Korea,PRK,2021,470000
North Macedonia,MKD,2002,6690000
North Macedonia,MKD,2003,11400000
North Macedonia,MKD,2004,2170000
North Macedonia,MKD,2005,300000
North Macedonia,MKD,2006,1810000
North Macedonia,MKD,2007,3930000
North Macedonia,MKD,2008,2560000
North Macedonia,MKD,2009,1960000
North Macedonia,MKD,2010,2120000
North Macedonia,MKD,2011,45170000
North Macedonia,MKD,2012,3300000
North Macedonia,MKD,2013,15600000
North Macedonia,MKD,2014,1500000
North Macedonia,MKD,2015,820000
North Macedonia,MKD,2016,3880000
North Macedonia,MKD,2017,15270000
North Macedonia,MKD,2018,15490000
North Macedonia,MKD,2019,7060000
North Macedonia,MKD,2020,10440000
North Macedonia,MKD,2021,23510000
Northern Africa (UN),,2002,40830000
Northern Africa (UN),,2003,28980000
Northern Africa (UN),,2004,89170000
Northern Africa (UN),,2005,101480000
Northern Africa (UN),,2006,265839999.99999997
Northern Africa (UN),,2007,279490000
Northern Africa (UN),,2008,141670000
Northern Africa (UN),,2009,141850000
Northern Africa (UN),,2010,112980000
Northern Africa (UN),,2011,151840000
Northern Africa (UN),,2012,177560000
Northern Africa (UN),,2013,146180000
Northern Africa (UN),,2014,41630000
Northern Africa (UN),,2015,136130000
Northern Africa (UN),,2016,323540000
Northern Africa (UN),,2017,335220000
Northern Africa (UN),,2018,74540000
Northern Africa (UN),,2019,186650000
Northern Africa (UN),,2020,190830000
Northern Africa (UN),,2021,132729999.99999999
Oceania (UN),,2002,1160000
Oceania (UN),,2003,4780000
Oceania (UN),,2004,3400000
Oceania (UN),,2005,21000000
Oceania (UN),,2006,58410000
Oceania (UN),,2007,4640000
Oceania (UN),,2008,24980000
Oceania (UN),,2009,34340000
Oceania (UN),,2010,128400000
Oceania (UN),,2011,54300000
Oceania (UN),,2012,63290000
Oceania (UN),,2013,61770000
Oceania (UN),,2014,50180000
Oceania (UN),,2015,51610000
Oceania (UN),,2016,79940000
Oceania (UN),,2017,135520000
Oceania (UN),,2018,231770000
Oceania (UN),,2019,107740000
Oceania (UN),,2020,52780000
Oceania (UN),,2021,67210000
Oman,OMN,2003,1220000
Oman,OMN,2005,140000
Oman,OMN,2006,120000
Oman,OMN,2007,60000
Oman,OMN,2008,920000
Oman,OMN,2009,90000
Oman,OMN,2010,130000
Pakistan,PAK,2002,9680000
Pakistan,PAK,2003,11200000
Pakistan,PAK,2004,9710000
Pakistan,PAK,2005,8760000
Pakistan,PAK,2006,15310000
Pakistan,PAK,2007,9530000
Pakistan,PAK,2008,2780000
Pakistan,PAK,2009,3930000
Pakistan,PAK,2010,67640000
Pakistan,PAK,2011,8670000
Pakistan,PAK,2012,30310000
Pakistan,PAK,2013,14530000
Pakistan,PAK,2014,70060000
Pakistan,PAK,2015,7440000
Pakistan,PAK,2016,18830000
Pakistan,PAK,2017,12550000
Pakistan,PAK,2018,9340000
Pakistan,PAK,2019,79940000
Pakistan,PAK,2020,6450000
Pakistan,PAK,2021,30100000
Palau,PLW,2002,0
Palau,PLW,2003,480000
Palau,PLW,2004,270000
Palau,PLW,2005,660000
Palau,PLW,2006,580000
Palau,PLW,2007,0
Palau,PLW,2008,10000
Palau,PLW,2009,330000
Palau,PLW,2010,570000
Palau,PLW,2011,450000
Palau,PLW,2012,1800000
Palau,PLW,2013,2360000
Palau,PLW,2014,2110000
Palau,PLW,2015,1580000
Palau,PLW,2016,870000
Palau,PLW,2017,1180000
Palau,PLW,2018,1920000
Palau,PLW,2019,2840000
Palau,PLW,2020,2180000
Palau,PLW,2021,2720000
Palestine,PSE,2002,2630000
Palestine,PSE,2003,1580000
Palestine,PSE,2004,480000
Palestine,PSE,2005,670000
Palestine,PSE,2006,12860000
Palestine,PSE,2007,1320000
Palestine,PSE,2008,4510000
Palestine,PSE,2009,7550000
Palestine,PSE,2010,8680000
Palestine,PSE,2011,3380000
Palestine,PSE,2012,17170000
Palestine,PSE,2013,23370000
Palestine,PSE,2014,11420000
Palestine,PSE,2015,24270000
Palestine,PSE,2016,18670000
Palestine,PSE,2017,18950000
Palestine,PSE,2018,57190000
Palestine,PSE,2019,6290000
Palestine,PSE,2020,19540000
Palestine,PSE,2021,18350000
Panama,PAN,2002,1270000
Panama,PAN,2003,1690000
Panama,PAN,2004,530000
Panama,PAN,2005,1480000
Panama,PAN,2006,1030000
Panama,PAN,2007,181960000
Panama,PAN,2008,3050000
Panama,PAN,2009,2180000
Panama,PAN,2010,5830000
Panama,PAN,2011,6210000
Panama,PAN,2012,2970000
Panama,PAN,2013,2690000
Panama,PAN,2014,2089999.9999999998
Panama,PAN,2015,1440000
Panama,PAN,2016,1190000
Panama,PAN,2017,1830000
Panama,PAN,2018,1580000
Panama,PAN,2019,1900000
Panama,PAN,2020,210000
Panama,PAN,2021,280000
Papua New Guinea,PNG,2002,330000
Papua New Guinea,PNG,2003,120000
Papua New Guinea,PNG,2004,410000
Papua New Guinea,PNG,2005,12330000
Papua New Guinea,PNG,2006,36660000
Papua New Guinea,PNG,2007,710000
Papua New Guinea,PNG,2008,9600000
Papua New Guinea,PNG,2009,13670000
Papua New Guinea,PNG,2010,94680000
Papua New Guinea,PNG,2011,14900000
Papua New Guinea,PNG,2012,24820000
Papua New Guinea,PNG,2013,16020000
Papua New Guinea,PNG,2014,12380000
Papua New Guinea,PNG,2015,24700000
Papua New Guinea,PNG,2016,51370000
Papua New Guinea,PNG,2017,94660000
Papua New Guinea,PNG,2018,206200000
Papua New Guinea,PNG,2019,20410000
Papua New Guinea,PNG,2020,16059999.999999998
Papua New Guinea,PNG,2021,22110000
Paraguay,PRY,2002,1710000
Paraguay,PRY,2003,1330000
Paraguay,PRY,2004,750000
Paraguay,PRY,2005,370000
Paraguay,PRY,2006,980000
Paraguay,PRY,2007,15210000
Paraguay,PRY,2008,1390000
Paraguay,PRY,2009,4320000
Paraguay,PRY,2010,12720000
Paraguay,PRY,2011,5030000
Paraguay,PRY,2012,8000000
Paraguay,PRY,2013,1410000
Paraguay,PRY,2014,5280000
Paraguay,PRY,2015,1140000
Paraguay,PRY,2016,7840000
Paraguay,PRY,2017,3170000
Paraguay,PRY,2018,2240000
Paraguay,PRY,2019,2590000
Paraguay,PRY,2020,7870000
Paraguay,PRY,2021,2330000
Peru,PER,2002,34890000
Peru,PER,2003,24660000
Peru,PER,2004,22820000
Peru,PER,2005,8530000
Peru,PER,2006,9890000
Peru,PER,2007,30800000
Peru,PER,2008,36870000
Peru,PER,2009,96290000
Peru,PER,2010,177060000
Peru,PER,2011,100370000
Peru,PER,2012,83000000
Peru,PER,2013,62650000
Peru,PER,2014,67420000
Peru,PER,2015,53130000
Peru,PER,2016,141420000
Peru,PER,2017,71300000
Peru,PER,2018,62870000
Peru,PER,2019,75830000
Peru,PER,2020,88100000
Peru,PER,2021,146500000
Philippines,PHL,2002,51680000
Philippines,PHL,2003,36900000
Philippines,PHL,2004,5350000
Philippines,PHL,2005,25010000
Philippines,PHL,2006,5450000
Philippines,PHL,2007,20740000
Philippines,PHL,2008,37820000
Philippines,PHL,2009,28330000
Philippines,PHL,2010,21600000
Philippines,PHL,2011,50440000
Philippines,PHL,2012,139090000
Philippines,PHL,2013,21590000
Philippines,PHL,2014,516250000
Philippines,PHL,2015,32049999.999999996
Philippines,PHL,2016,36450000
Philippines,PHL,2017,30210000
Philippines,PHL,2018,36370000
Philippines,PHL,2019,35380000
Philippines,PHL,2020,68140000
Philippines,PHL,2021,43400000
Rwanda,RWA,2002,430000
Rwanda,RWA,2003,13430000
Rwanda,RWA,2004,4790000
Rwanda,RWA,2005,120000
Rwanda,RWA,2006,6060000
Rwanda,RWA,2007,33009999.999999996
Rwanda,RWA,2008,32509999.999999996
Rwanda,RWA,2009,18670000
Rwanda,RWA,2010,18650000
Rwanda,RWA,2011,49710000
Rwanda,RWA,2012,15850000
Rwanda,RWA,2013,52910000
Rwanda,RWA,2014,21980000
Rwanda,RWA,2015,78510000
Rwanda,RWA,2016,72570000
Rwanda,RWA,2017,31180000
Rwanda,RWA,2018,15800000
Rwanda,RWA,2019,15730000
Rwanda,RWA,2020,4040000
Rwanda,RWA,2021,94430000
Saint Helena,SHN,2007,120000
Saint Helena,SHN,2008,160000
Saint Helena,SHN,2009,680000
Saint Helena,SHN,2010,100000
Saint Helena,SHN,2011,140000
Saint Helena,SHN,2012,280000
Saint Helena,SHN,2013,280000
Saint Helena,SHN,2014,180000
Saint Helena,SHN,2015,600000
Saint Helena,SHN,2016,1120000
Saint Helena,SHN,2017,4190000.0000000005
Saint Helena,SHN,2018,1950000
Saint Helena,SHN,2019,6730000
Saint Helena,SHN,2020,3940000
Saint Helena,SHN,2021,4980000
Saint Kitts and Nevis,KNA,2010,0
Saint Kitts and Nevis,KNA,2011,450000
Saint Kitts and Nevis,KNA,2013,16950000
Saint Lucia,LCA,2005,9180000
Saint Lucia,LCA,2007,0
Saint Lucia,LCA,2009,40000
Saint Lucia,LCA,2010,200000
Saint Lucia,LCA,2011,1420000
Saint Lucia,LCA,2012,50000
Saint Lucia,LCA,2013,50000
Saint Lucia,LCA,2014,30000
Saint Lucia,LCA,2015,60000
Saint Lucia,LCA,2016,70000
Saint Lucia,LCA,2017,100000
Saint Lucia,LCA,2018,150000
Saint Lucia,LCA,2019,580000
Saint Lucia,LCA,2020,770000
Saint Lucia,LCA,2021,30000
Saint Vincent and the Grenadines,VCT,2005,6740000
Saint Vincent and the Grenadines,VCT,2006,50000
Saint Vincent and the Grenadines,VCT,2010,250000
Saint Vincent and the Grenadines,VCT,2011,450000
Saint Vincent and the Grenadines,VCT,2012,20000
Saint Vincent and the Grenadines,VCT,2013,100000
Saint Vincent and the Grenadines,VCT,2014,50000
Saint Vincent and the Grenadines,VCT,2015,140000
Saint Vincent and the Grenadines,VCT,2016,120000
Saint Vincent and the Grenadines,VCT,2017,120000
Saint Vincent and the Grenadines,VCT,2018,320000
Saint Vincent and the Grenadines,VCT,2019,90000
Saint Vincent and the Grenadines,VCT,2020,350000
Saint Vincent and the Grenadines,VCT,2021,380000
Samoa,WSM,2002,220000
Samoa,WSM,2003,710000
Samoa,WSM,2004,300000
Samoa,WSM,2005,240000
Samoa,WSM,2006,4019999.9999999995
Samoa,WSM,2007,450000
Samoa,WSM,2008,490000
Samoa,WSM,2009,4430000
Samoa,WSM,2010,7370000
Samoa,WSM,2011,2460000
Samoa,WSM,2012,3420000
Samoa,WSM,2013,4059999.9999999995
Samoa,WSM,2014,340000
Samoa,WSM,2015,2550000
Samoa,WSM,2016,770000
Samoa,WSM,2017,370000
Samoa,WSM,2018,450000
Samoa,WSM,2019,2740000
Samoa,WSM,2020,2340000
Samoa,WSM,2021,3740000
Sao Tome and Principe,STP,2002,30000
Sao Tome and Principe,STP,2003,130000
Sao Tome and Principe,STP,2004,60000
Sao Tome and Principe,STP,2005,90000
Sao Tome and Principe,STP,2006,120000
Sao Tome and Principe,STP,2007,480000
Sao Tome and Principe,STP,2008,360000
Sao Tome and Principe,STP,2009,1000000
Sao Tome and Principe,STP,2010,700000
Sao Tome and Principe,STP,2011,810000
Sao Tome and Principe,STP,2013,350000
Sao Tome and Principe,STP,2014,230000
Sao Tome and Principe,STP,2015,460000
Sao Tome and Principe,STP,2016,420000
Sao Tome and Principe,STP,2017,530000
Sao Tome and Principe,STP,2018,560000
Sao Tome and Principe,STP,2019,540000
Sao Tome and Principe,STP,2020,7360000
Sao Tome and Principe,STP,2021,250000
Saudi Arabia,SAU,2003,40000
Saudi Arabia,SAU,2004,10000
Saudi Arabia,SAU,2005,40000
Saudi Arabia,SAU,2006,10000
Saudi Arabia,SAU,2007,60000
Senegal,SEN,2002,390000
Senegal,SEN,2003,8770000
Senegal,SEN,2004,27260000
Senegal,SEN,2005,109810000
Senegal,SEN,2006,7840000
Senegal,SEN,2007,11540000
Senegal,SEN,2008,32240000.000000004
Senegal,SEN,2009,54740000
Senegal,SEN,2010,77680000
Senegal,SEN,2011,49950000
Senegal,SEN,2012,70020000
Senegal,SEN,2013,87330000
Senegal,SEN,2014,54950000
Senegal,SEN,2015,200690000
Senegal,SEN,2016,182730000
Senegal,SEN,2017,94860000
Senegal,SEN,2018,98630000
Senegal,SEN,2019,22810000
Senegal,SEN,2020,28920000
Senegal,SEN,2021,190090000
Serbia,SRB,2002,340000
Serbia,SRB,2003,2460000
Serbia,SRB,2004,5590000
Serbia,SRB,2005,800000
Serbia,SRB,2006,8860000
Serbia,SRB,2007,2089999.9999999998
Serbia,SRB,2008,1080000
Serbia,SRB,2009,15480000
Serbia,SRB,2010,15620000
Serbia,SRB,2011,2360000
Serbia,SRB,2012,1310000
Serbia,SRB,2013,8720000
Serbia,SRB,2014,510000
Serbia,SRB,2015,220000
Serbia,SRB,2016,24770000
Serbia,SRB,2017,46240000
Serbia,SRB,2018,20510000
Serbia,SRB,2019,27000000
Serbia,SRB,2020,51580000
Serbia,SRB,2021,91780000
Seychelles,SYC,2002,290000
Seychelles,SYC,2003,240000
Seychelles,SYC,2004,210000
Seychelles,SYC,2005,660000
Seychelles,SYC,2006,2170000
Seychelles,SYC,2007,0
Seychelles,SYC,2009,910000
Seychelles,SYC,2010,450000
Seychelles,SYC,2011,30000
Seychelles,SYC,2012,130000
Seychelles,SYC,2013,180000
Seychelles,SYC,2014,4290000
Seychelles,SYC,2015,170000
Seychelles,SYC,2016,120000
Seychelles,SYC,2017,90000
Sierra Leone,SLE,2003,260000
Sierra Leone,SLE,2006,160000
Sierra Leone,SLE,2007,1550000
Sierra Leone,SLE,2008,1320000
Sierra Leone,SLE,2009,1930000
Sierra Leone,SLE,2010,5790000
Sierra Leone,SLE,2011,12700000
Sierra Leone,SLE,2012,5270000
Sierra Leone,SLE,2013,1490000
Sierra Leone,SLE,2014,410000
Sierra Leone,SLE,2015,17300000
Sierra Leone,SLE,2016,10220000
Sierra Leone,SLE,2017,5450000
Sierra Leone,SLE,2018,17800000
Sierra Leone,SLE,2019,82020000
Sierra Leone,SLE,2020,13930000
Sierra Leone,SLE,2021,5660000
Small Island Developing States (SIDS),,2002,16430000
Small Island Developing States (SIDS),,2003,38890000
Small Island Developing States (SIDS),,2004,42350000
Small Island Developing States (SIDS),,2005,140990000
Small Island Developing States (SIDS),,2006,94550000
Small Island Developing States (SIDS),,2007,65660000
Small Island Developing States (SIDS),,2008,74010000
Small Island Developing States (SIDS),,2009,169730000
Small Island Developing States (SIDS),,2010,561640000
Small Island Developing States (SIDS),,2011,194500000
Small Island Developing States (SIDS),,2012,168660000
Small Island Developing States (SIDS),,2013,237780000
Small Island Developing States (SIDS),,2014,250050000
Small Island Developing States (SIDS),,2015,269410000
Small Island Developing States (SIDS),,2016,294640000
Small Island Developing States (SIDS),,2017,283620000
Small Island Developing States (SIDS),,2018,471960000
Small Island Developing States (SIDS),,2019,198070000
Small Island Developing States (SIDS),,2020,128860000.00000001
Small Island Developing States (SIDS),,2021,279290000
Solomon Islands,SLB,2002,240000
Solomon Islands,SLB,2003,20000
Solomon Islands,SLB,2004,10000
Solomon Islands,SLB,2005,1520000
Solomon Islands,SLB,2006,9880000
Solomon Islands,SLB,2007,990000
Solomon Islands,SLB,2008,7490000
Solomon Islands,SLB,2009,5440000
Solomon Islands,SLB,2010,13540000
Solomon Islands,SLB,2011,6780000
Solomon Islands,SLB,2012,9590000
Solomon Islands,SLB,2013,11330000
Solomon Islands,SLB,2014,14480000
Solomon Islands,SLB,2015,3600000
Solomon Islands,SLB,2016,2700000
Solomon Islands,SLB,2017,2870000
Solomon Islands,SLB,2018,3300000
Solomon Islands,SLB,2019,55310000
Solomon Islands,SLB,2020,8050000.000000001
Solomon Islands,SLB,2021,6120000
Somalia,SOM,2002,30000
Somalia,SOM,2003,1950000
Somalia,SOM,2006,1430000
Somalia,SOM,2007,230000
Somalia,SOM,2008,40000
Somalia,SOM,2009,290000
Somalia,SOM,2010,1570000
Somalia,SOM,2011,2750000
Somalia,SOM,2012,37220000
Somalia,SOM,2013,18080000
Somalia,SOM,2014,5930000
Somalia,SOM,2015,46460000
Somalia,SOM,2016,21900000
Somalia,SOM,2017,14470000
Somalia,SOM,2018,9240000
Somalia,SOM,2019,24890000
Somalia,SOM,2020,45740000
Somalia,SOM,2021,12570000
South Africa,ZAF,2002,12810000
South Africa,ZAF,2003,1190000
South Africa,ZAF,2004,10890000
South Africa,ZAF,2005,460000
South Africa,ZAF,2006,20600000
South Africa,ZAF,2007,6880000
South Africa,ZAF,2008,12120000
South Africa,ZAF,2009,18440000
South Africa,ZAF,2010,11420000
South Africa,ZAF,2011,14140000
South Africa,ZAF,2012,35490000
South Africa,ZAF,2013,26020000
South Africa,ZAF,2014,12960000
South Africa,ZAF,2015,12240000
South Africa,ZAF,2016,141120000
South Africa,ZAF,2017,9090000
South Africa,ZAF,2018,6290000
South Africa,ZAF,2019,16309999.999999998
South Africa,ZAF,2020,9920000
South Africa,ZAF,2021,28090000
South Sudan,SSD,2011,7990000
South Sudan,SSD,2012,10080000
South Sudan,SSD,2013,48370000
South Sudan,SSD,2014,23020000
South Sudan,SSD,2015,20800000
South Sudan,SSD,2016,49800000
South Sudan,SSD,2017,2009999.9999999998
South Sudan,SSD,2018,11760000
South Sudan,SSD,2019,16329999.999999998
South Sudan,SSD,2020,26990000
South Sudan,SSD,2021,5850000
Sri Lanka,LKA,2002,6040000
Sri Lanka,LKA,2003,20450000
Sri Lanka,LKA,2004,17060000
Sri Lanka,LKA,2005,16239999.999999998
Sri Lanka,LKA,2006,21920000
Sri Lanka,LKA,2007,14380000
Sri Lanka,LKA,2008,1500000
Sri Lanka,LKA,2009,1140000
Sri Lanka,LKA,2010,133970000
Sri Lanka,LKA,2011,2930000
Sri Lanka,LKA,2012,6900000
Sri Lanka,LKA,2013,5670000
Sri Lanka,LKA,2014,10880000
Sri Lanka,LKA,2015,34570000
Sri Lanka,LKA,2016,169930000
Sri Lanka,LKA,2017,7800000
Sri Lanka,LKA,2018,18230000
Sri Lanka,LKA,2019,670000
Sri Lanka,LKA,2020,10860000
Sri Lanka,LKA,2021,10610000
Sub-Saharan Africa (UN),,2002,329700000
Sub-Saharan Africa (UN),,2003,226230000
Sub-Saharan Africa (UN),,2004,575150000
Sub-Saharan Africa (UN),,2005,532059999.99999994
Sub-Saharan Africa (UN),,2006,329650000
Sub-Saharan Africa (UN),,2007,504060000
Sub-Saharan Africa (UN),,2008,603620000
Sub-Saharan Africa (UN),,2009,829690000
Sub-Saharan Africa (UN),,2010,1259350000
Sub-Saharan Africa (UN),,2011,1160790000
Sub-Saharan Africa (UN),,2012,1445480000
Sub-Saharan Africa (UN),,2013,1754860000
Sub-Saharan Africa (UN),,2014,1552730000
Sub-Saharan Africa (UN),,2015,2711980000
Sub-Saharan Africa (UN),,2016,1902830000
Sub-Saharan Africa (UN),,2017,2413560000
Sub-Saharan Africa (UN),,2018,2073210000
Sub-Saharan Africa (UN),,2019,1370010000
Sub-Saharan Africa (UN),,2020,1140270000
Sub-Saharan Africa (UN),,2021,2178120000
Sudan,SDN,2002,1160000
Sudan,SDN,2004,130000
Sudan,SDN,2005,140000
Sudan,SDN,2006,1410000
Sudan,SDN,2007,17740000
Sudan,SDN,2008,7230000
Sudan,SDN,2009,42380000
Sudan,SDN,2010,28390000
Sudan,SDN,2011,22300000
Sudan,SDN,2012,19800000
Sudan,SDN,2013,5070000
Sudan,SDN,2014,8880000
Sudan,SDN,2015,7630000
Sudan,SDN,2016,12210000
Sudan,SDN,2017,4010000
Sudan,SDN,2018,8560000
Sudan,SDN,2019,1900000
Sudan,SDN,2020,9920000
Sudan,SDN,2021,18550000
Suriname,SUR,2003,430000
Suriname,SUR,2004,4940000
Suriname,SUR,2005,27200000
Suriname,SUR,2007,7360000
Suriname,SUR,2009,20000
Suriname,SUR,2011,1450000
Suriname,SUR,2012,5180000
Suriname,SUR,2013,20000
Suriname,SUR,2015,20250000
Suriname,SUR,2016,190000
Suriname,SUR,2017,70000
Suriname,SUR,2018,10000
Suriname,SUR,2019,6250000
Suriname,SUR,2020,310000
Suriname,SUR,2021,210000
Syria,SYR,2002,6060000
Syria,SYR,2003,680000
Syria,SYR,2004,400000
Syria,SYR,2005,410000
Syria,SYR,2006,2330000
Syria,SYR,2007,150000
Syria,SYR,2008,1690000
Syria,SYR,2009,710000
Syria,SYR,2010,1240000
Syria,SYR,2011,3080000
Syria,SYR,2012,1820000
Syria,SYR,2013,970000
Syria,SYR,2014,460000
Syria,SYR,2015,12540000
Syria,SYR,2016,520000
Syria,SYR,2017,3250000
Syria,SYR,2018,4190000.0000000005
Syria,SYR,2019,2880000
Syria,SYR,2020,2450000
Syria,SYR,2021,380000
Tajikistan,TJK,2002,1290000
Tajikistan,TJK,2003,20000
Tajikistan,TJK,2004,9310000
Tajikistan,TJK,2005,10000
Tajikistan,TJK,2006,14280000
Tajikistan,TJK,2007,370000
Tajikistan,TJK,2008,850000
Tajikistan,TJK,2009,2029999.9999999998
Tajikistan,TJK,2010,1810000
Tajikistan,TJK,2011,2180000
Tajikistan,TJK,2012,3280000
Tajikistan,TJK,2013,4510000
Tajikistan,TJK,2014,56930000
Tajikistan,TJK,2015,580000
Tajikistan,TJK,2016,570000
Tajikistan,TJK,2017,6510000
Tajikistan,TJK,2018,11600000
Tajikistan,TJK,2019,75750000
Tajikistan,TJK,2020,5740000
Tajikistan,TJK,2021,1010000
Tanzania,TZA,2002,30920000
Tanzania,TZA,2003,29110000
Tanzania,TZA,2004,12570000
Tanzania,TZA,2005,6080000
Tanzania,TZA,2006,8340000
Tanzania,TZA,2007,57770000
Tanzania,TZA,2008,33310000.000000004
Tanzania,TZA,2009,63700000
Tanzania,TZA,2010,47400000
Tanzania,TZA,2011,111850000
Tanzania,TZA,2012,54530000
Tanzania,TZA,2013,134590000
Tanzania,TZA,2014,142880000
Tanzania,TZA,2015,187290000
Tanzania,TZA,2016,62750000
Tanzania,TZA,2017,46000000
Tanzania,TZA,2018,177770000
Tanzania,TZA,2019,57440000
Tanzania,TZA,2020,86830000
Tanzania,TZA,2021,265190000
Thailand,THA,2002,14560000
Thailand,THA,2003,16450000
Thailand,THA,2004,1930000
Thailand,THA,2005,12600000
Thailand,THA,2006,1890000
Thailand,THA,2007,3860000
Thailand,THA,2008,8289999.999999999
Thailand,THA,2009,5050000
Thailand,THA,2010,8820000
Thailand,THA,2011,10730000
Thailand,THA,2012,8720000
Thailand,THA,2013,10910000
Thailand,THA,2014,5150000
Thailand,THA,2015,3080000
Thailand,THA,2016,5420000
Thailand,THA,2017,27110000
Thailand,THA,2018,3230000
Thailand,THA,2019,6330000
Thailand,THA,2020,6320000
Thailand,THA,2021,7060000
Togo,TGO,2002,100000
Togo,TGO,2003,160000
Togo,TGO,2005,20000
Togo,TGO,2006,10000
Togo,TGO,2007,60000
Togo,TGO,2008,8760000
Togo,TGO,2009,1610000
Togo,TGO,2010,6620000
Togo,TGO,2011,1660000
Togo,TGO,2012,1960000
Togo,TGO,2013,760000
Togo,TGO,2014,8630000
Togo,TGO,2015,1010000
Togo,TGO,2016,23970000
Togo,TGO,2017,1730000
Togo,TGO,2018,4980000
Togo,TGO,2019,2150000
Togo,TGO,2020,1610000
Togo,TGO,2021,39860000
Tokelau,TKL,2003,180000
Tokelau,TKL,2011,4290000
Tokelau,TKL,2012,1340000
Tokelau,TKL,2013,700000
Tokelau,TKL,2014,210000
Tokelau,TKL,2015,40000
Tokelau,TKL,2017,500000
Tokelau,TKL,2018,20000
Tokelau,TKL,2020,10000
Tokelau,TKL,2021,870000
Tonga,TON,2002,0
Tonga,TON,2003,10000
Tonga,TON,2004,690000
Tonga,TON,2005,170000
Tonga,TON,2006,2040000
Tonga,TON,2007,130000
Tonga,TON,2008,100000
Tonga,TON,2009,2049999.9999999998
Tonga,TON,2010,420000
Tonga,TON,2011,430000
Tonga,TON,2012,1690000
Tonga,TON,2013,1170000
Tonga,TON,2014,2350000
Tonga,TON,2015,1460000
Tonga,TON,2016,370000
Tonga,TON,2017,180000
Tonga,TON,2018,320000
Tonga,TON,2019,2100000
Tonga,TON,2020,1260000
Tonga,TON,2021,1620000
Trinidad and Tobago,TTO,2003,1810000
Trinidad and Tobago,TTO,2004,270000
Trinidad and Tobago,TTO,2005,1720000
Trinidad and Tobago,TTO,2006,1090000
Trinidad and Tobago,TTO,2008,10000
Trinidad and Tobago,TTO,2009,190000
Trinidad and Tobago,TTO,2010,10000
Tunisia,TUN,2002,440000
Tunisia,TUN,2003,3180000
Tunisia,TUN,2004,63850000
Tunisia,TUN,2005,36040000
Tunisia,TUN,2006,8670000
Tunisia,TUN,2007,63280000
Tunisia,TUN,2008,93600000
Tunisia,TUN,2009,2440000
Tunisia,TUN,2010,7460000
Tunisia,TUN,2011,63280000
Tunisia,TUN,2012,7080000
Tunisia,TUN,2013,37890000
Tunisia,TUN,2014,5140000
Tunisia,TUN,2015,5340000
Tunisia,TUN,2016,222770000
Tunisia,TUN,2017,116860000
Tunisia,TUN,2018,22110000
Tunisia,TUN,2019,77560000
Tunisia,TUN,2020,66900000.00000001
Tunisia,TUN,2021,86460000
Turkey,TUR,2002,880000
Turkey,TUR,2003,4390000
Turkey,TUR,2004,1240000
Turkey,TUR,2005,300000
Turkey,TUR,2006,2470000
Turkey,TUR,2007,1360000
Turkey,TUR,2008,1650000
Turkey,TUR,2009,131280000
Turkey,TUR,2010,8330000
Turkey,TUR,2011,400130000
Turkey,TUR,2012,16500000
Turkey,TUR,2013,1310000
Turkey,TUR,2014,271080000
Turkey,TUR,2015,414750000
Turkey,TUR,2016,507780000
Turkey,TUR,2017,6600000
Turkey,TUR,2018,7570000
Turkey,TUR,2019,12280000
Turkey,TUR,2020,13710000
Turkey,TUR,2021,85400000
Turkmenistan,TKM,2003,10000
Turkmenistan,TKM,2004,110000
Turkmenistan,TKM,2006,5130000
Turkmenistan,TKM,2008,2200000
Turkmenistan,TKM,2009,180000
Turkmenistan,TKM,2010,4260000
Turkmenistan,TKM,2011,3060000
Turkmenistan,TKM,2013,30000
Turkmenistan,TKM,2014,130000
Turkmenistan,TKM,2016,50000
Turkmenistan,TKM,2018,0
Turks and Caicos Islands,TCA,2002,340000
Tuvalu,TUV,2003,0
Tuvalu,TUV,2004,10000
Tuvalu,TUV,2009,1010000
Tuvalu,TUV,2010,1130000
Tuvalu,TUV,2011,1100000
Tuvalu,TUV,2012,1140000
Tuvalu,TUV,2013,1600000
Tuvalu,TUV,2014,2340000
Tuvalu,TUV,2015,490000
Tuvalu,TUV,2017,8860000
Tuvalu,TUV,2018,320000
Tuvalu,TUV,2019,1810000
Tuvalu,TUV,2020,5330000
Tuvalu,TUV,2021,1560000
Uganda,UGA,2002,3120000
Uganda,UGA,2003,2310000
Uganda,UGA,2004,9960000
Uganda,UGA,2005,3830000
Uganda,UGA,2006,4540000
Uganda,UGA,2007,39120000
Uganda,UGA,2008,27840000
Uganda,UGA,2009,37520000
Uganda,UGA,2010,117020000
Uganda,UGA,2011,50100000
Uganda,UGA,2012,33590000
Uganda,UGA,2013,146810000
Uganda,UGA,2014,103680000
Uganda,UGA,2015,116080000
Uganda,UGA,2016,76070000
Uganda,UGA,2017,60000000
Uganda,UGA,2018,43770000
Uganda,UGA,2019,138140000
Uganda,UGA,2020,33390000
Uganda,UGA,2021,119980000
Ukraine,UKR,2005,1030000
Ukraine,UKR,2006,150000
Ukraine,UKR,2007,1870000
Ukraine,UKR,2008,550000
Ukraine,UKR,2009,12100000
Ukraine,UKR,2010,14700000
Ukraine,UKR,2011,8420000
Ukraine,UKR,2012,8660000
Ukraine,UKR,2013,19790000
Ukraine,UKR,2014,5640000
Ukraine,UKR,2015,1027069999.9999999
Ukraine,UKR,2016,10790000
Ukraine,UKR,2017,80310000
Ukraine,UKR,2018,16190000.000000002
Ukraine,UKR,2019,60870000
Ukraine,UKR,2020,25650000
Ukraine,UKR,2021,9480000
Uruguay,URY,2002,840000
Uruguay,URY,2003,150000
Uruguay,URY,2004,1810000
Uruguay,URY,2005,130000
Uruguay,URY,2006,1130000
Uruguay,URY,2007,3110000
Uruguay,URY,2008,920000
Uruguay,URY,2009,2240000
Uruguay,URY,2010,1860000
Uruguay,URY,2011,1270000
Uruguay,URY,2012,620000
Uruguay,URY,2013,3650000
Uruguay,URY,2014,50000
Uruguay,URY,2015,1630000
Uruguay,URY,2016,140000
Uruguay,URY,2017,160000
Uzbekistan,UZB,2002,4250000
Uzbekistan,UZB,2003,10000
Uzbekistan,UZB,2004,3670000
Uzbekistan,UZB,2005,160000
Uzbekistan,UZB,2006,340000
Uzbekistan,UZB,2007,70000
Uzbekistan,UZB,2008,1530000
Uzbekistan,UZB,2009,4670000
Uzbekistan,UZB,2010,1060000
Uzbekistan,UZB,2011,210000
Uzbekistan,UZB,2012,5250000
Uzbekistan,UZB,2013,2690000
Uzbekistan,UZB,2014,100000
Uzbekistan,UZB,2015,10000
Uzbekistan,UZB,2016,29830000
Uzbekistan,UZB,2017,20000
Uzbekistan,UZB,2018,1560000
Uzbekistan,UZB,2019,6910000
Uzbekistan,UZB,2020,1640000
Uzbekistan,UZB,2021,220000
Vanuatu,VUT,2002,60000
Vanuatu,VUT,2003,40000
Vanuatu,VUT,2004,10000
Vanuatu,VUT,2005,1040000
Vanuatu,VUT,2006,1200000
Vanuatu,VUT,2007,230000
Vanuatu,VUT,2008,890000
Vanuatu,VUT,2009,1140000
Vanuatu,VUT,2010,5910000
Vanuatu,VUT,2011,9030000
Vanuatu,VUT,2012,12760000
Vanuatu,VUT,2013,8140000.000000001
Vanuatu,VUT,2014,10200000
Vanuatu,VUT,2015,10590000
Vanuatu,VUT,2016,14090000
Vanuatu,VUT,2017,12820000
Vanuatu,VUT,2018,12890000
Vanuatu,VUT,2019,7380000
Vanuatu,VUT,2020,3650000
Vanuatu,VUT,2021,6180000
Venezuela,VEN,2002,1640000
Venezuela,VEN,2003,470000
Venezuela,VEN,2004,690000
Venezuela,VEN,2005,20000
Venezuela,VEN,2006,650000
Venezuela,VEN,2007,120000
Venezuela,VEN,2008,160000
Venezuela,VEN,2009,7020000
Venezuela,VEN,2010,770000
Venezuela,VEN,2011,670000
Venezuela,VEN,2012,690000
Venezuela,VEN,2013,140000
Venezuela,VEN,2014,310000
Venezuela,VEN,2015,350000
Venezuela,VEN,2016,50000
Venezuela,VEN,2017,460000
Venezuela,VEN,2018,190000
Venezuela,VEN,2019,780000
Venezuela,VEN,2020,2009999.9999999998
Venezuela,VEN,2021,280000
Vietnam,VNM,2002,92550000
Vietnam,VNM,2003,175780000
Vietnam,VNM,2004,75360000
Vietnam,VNM,2005,59890000
Vietnam,VNM,2006,102090000
Vietnam,VNM,2007,227420000
Vietnam,VNM,2008,387300000
Vietnam,VNM,2009,549210000
Vietnam,VNM,2010,109080000
Vietnam,VNM,2011,182400000
Vietnam,VNM,2012,157740000
Vietnam,VNM,2013,44850000
Vietnam,VNM,2014,210410000
Vietnam,VNM,2015,96710000
Vietnam,VNM,2016,327900000
Vietnam,VNM,2017,56990000
Vietnam,VNM,2018,46970000
Vietnam,VNM,2019,53690000
Vietnam,VNM,2020,62350000
Vietnam,VNM,2021,189300000
Wallis and Futuna,WLF,2007,70000
Wallis and Futuna,WLF,2008,170000
Wallis and Futuna,WLF,2009,240000
Wallis and Futuna,WLF,2010,190000
Wallis and Futuna,WLF,2011,120000
Wallis and Futuna,WLF,2012,420000
Wallis and Futuna,WLF,2013,170000
Wallis and Futuna,WLF,2014,300000
Wallis and Futuna,WLF,2015,170000
Wallis and Futuna,WLF,2016,2630000
Wallis and Futuna,WLF,2017,590000
Wallis and Futuna,WLF,2018,360000
Wallis and Futuna,WLF,2019,0
Wallis and Futuna,WLF,2020,190000
Yemen,YEM,2002,5990000
Yemen,YEM,2003,640000
Yemen,YEM,2004,160000
Yemen,YEM,2005,3000000
Yemen,YEM,2006,1430000
Yemen,YEM,2007,7960000
Yemen,YEM,2008,1420000
Yemen,YEM,2009,1140000
Yemen,YEM,2010,16010000.000000002
Yemen,YEM,2011,9230000
Yemen,YEM,2012,320000
Yemen,YEM,2013,1480000
Yemen,YEM,2014,5700000
Yemen,YEM,2015,4640000
Yemen,YEM,2016,2140000
Yemen,YEM,2017,7450000
Yemen,YEM,2018,690000
Yemen,YEM,2019,680000
Yemen,YEM,2020,3830000
Yemen,YEM,2021,610000
Zambia,ZMB,2002,8160000
Zambia,ZMB,2003,32640000
Zambia,ZMB,2004,22550000
Zambia,ZMB,2005,40900000
Zambia,ZMB,2006,29840000
Zambia,ZMB,2007,15950000
Zambia,ZMB,2008,32979999.999999996
Zambia,ZMB,2009,11720000
Zambia,ZMB,2010,16719999.999999998
Zambia,ZMB,2011,26620000
Zambia,ZMB,2012,53530000
Zambia,ZMB,2013,55320000
Zambia,ZMB,2014,52990000
Zambia,ZMB,2015,58160000
Zambia,ZMB,2016,34040000
Zambia,ZMB,2017,21550000
Zambia,ZMB,2018,43460000
Zambia,ZMB,2019,11990000
Zambia,ZMB,2020,15400000
Zambia,ZMB,2021,19510000
Zimbabwe,ZWE,2002,2440000
Zimbabwe,ZWE,2003,3790000
Zimbabwe,ZWE,2004,190000
Zimbabwe,ZWE,2005,380000
Zimbabwe,ZWE,2006,1690000
Zimbabwe,ZWE,2007,330000
Zimbabwe,ZWE,2008,640000
Zimbabwe,ZWE,2009,3960000
Zimbabwe,ZWE,2010,45760000
Zimbabwe,ZWE,2011,20460000
Zimbabwe,ZWE,2012,4139999.9999999995
Zimbabwe,ZWE,2013,11480000
Zimbabwe,ZWE,2014,18900000
Zimbabwe,ZWE,2015,5700000
Zimbabwe,ZWE,2016,21240000
Zimbabwe,ZWE,2017,5410000
Zimbabwe,ZWE,2018,64230000.00000001
Zimbabwe,ZWE,2019,13180000
Zimbabwe,ZWE,2020,5140000
Zimbabwe,ZWE,2021,15650000